index,Open,Close,High,Low,Volume,Previous_Close,Volume_weighted_avg_price,Number_of_transactions
0,242.2,241.64,242.2,242.2,122,242.52,242.2,1
1,242.2,242.26,242.23,241.98,70113,242.52,242.18084716671655,114
2,242.26,241.61,242.4,242.14,3477,242.52,242.30515035950535,37
3,242.25,241.97,242.25,242.25,100,242.52,242.25,1
4,241.97,242.25,241.97,241.97,122,242.52,241.97,2
5,242.25,241.61,242.25,242.16,500,242.52,242.20600000000002,5
6,242.25,241.995,242.25,242.25,184,242.52,242.24489130434782,3
7,241.995,241.61,242.22,241.975,1799,242.52,242.1730405780989,22
8,241.995,241.91,242.1897,241.98,2824,242.52,242.0544360835694,24
9,241.91,242.21,242.0,241.91,1285,242.52,241.9701167315175,3
10,242.22,241.9,242.22,242.152,1651,242.52,242.18101756511203,6
11,241.9,242.2,241.9,241.9,100,242.52,241.9,1
12,241.9,241.67,242.12,241.73,3118,242.52,241.87211783194357,41
13,241.67,241.95,241.67,241.66,300,242.52,241.66993333333332,4
14,241.95,241.67,241.95,241.95,200,242.52,241.95,2
15,241.67,242.2,241.67,241.67,181,242.52,241.69801104972373,4
16,242.2,241.73,242.2,242.2,181,242.52,242.2,1
17,241.73,241.98,241.95,241.65,7906,242.52,241.80409878573232,69
18,241.98,242.345,242.19,241.98,4358,242.52,242.09422900413034,46
19,242.345,242.047,242.345,242.29,301,242.52,242.31936877076413,4
20,242.3115,242.0106,242.35,242.11,1636,242.52,242.27580378973104,11
21,242.11,242.295,242.21,242.08,1561,242.52,242.16019218449713,12
22,242.21,242.04,242.34,242.06,18472,242.52,242.21175341056735,199
23,242.125,242.31,242.22,242.04,6574,242.52,242.1206753726802,96
24,242.33,242.56,242.55,242.29,8338,242.52,242.4206332453826,78
25,242.56,242.81,242.68,242.56,3128,242.52,242.6224904092071,61
26,242.76,243.08,243.0,242.76,7404,242.52,242.92026054835216,91
27,243.08,243.37,243.28,242.93,7859,242.52,243.18146013487717,103
28,243.43,243.08,243.43,243.1765,4627,242.52,243.31851415604064,53
29,243.11,242.83,243.1758,242.84,4272,242.52,243.0001334269663,58
30,242.83,242.56,242.84,242.6,1980,242.52,242.67106565656564,35
31,242.56,242.89,242.56,242.56,115,242.52,242.56,2
32,242.89,242.6333,242.89,242.703,650,242.52,242.78930769230772,2
33,242.6333,242.93,242.75,242.6333,350,242.52,242.69427142857143,3
34,242.93,242.57,242.93,242.7,201,242.52,242.81442786069653,3
35,242.57,242.919,242.74,242.56,709,242.52,242.6293370944993,7
36,242.77,243.17,243.16,242.77,4655,242.52,242.9450814178303,42
37,243.2,243.42,243.41,243.095,2965,242.52,243.2507835413153,35
38,243.42,243.73,243.66,243.4,7565,242.52,243.57297739590214,97
39,243.73,243.4,243.74,243.52,13741,242.52,243.68626115275455,167
40,243.4,243.105,243.56,243.2,6544,242.52,243.34184672982877,72
41,243.105,243.38,243.28,242.94,5720,242.52,243.11668251748247,73
42,243.38,243.65,243.56,243.25,18442,242.52,243.36463547879862,267
43,243.5995,243.9,243.89,243.5995,4282,242.52,243.70723260158806,40
44,243.87,244.18,244.135,243.736,20737,242.52,243.90446075131442,292
45,244.15,244.44,244.39,244.12,8564,242.52,244.23652853806624,75
46,244.44,244.72,244.6,244.3025,12597,242.52,244.4747822497421,112
47,244.55,244.43,244.76,244.51,14100,242.52,244.6093354964539,136
48,244.43,244.15,244.54,244.22,12760,242.52,244.41220943573668,201
49,244.19,244.4,244.23,244.0,5916,242.52,244.157764688979,43
50,244.49,244.65,244.54,244.4251,1415,242.52,244.47453074204944,39
51,244.56,244.9,244.89,244.53,31603,242.52,244.73443172800083,375
52,244.9,245.18,245.03,244.73,39579,242.52,244.9607518482019,511
53,245.01,245.44,245.41,244.95,19331,242.52,245.23830208990736,229
54,245.44,245.19,245.49,245.195,4707,242.52,245.3700759507117,85
55,245.42,245.45,245.43,245.33,855,242.52,245.38930994152048,22
56,245.49,245.72,245.68,245.385,7219,242.52,245.502583460313,142
57,245.74,245.97,245.89,245.65,29267,242.52,245.7834498103668,304
58,245.8805,246.22,246.19,245.75,47922,242.52,245.99667308960403,338
59,246.22,245.97,246.22,246.0,2384,242.52,246.0771287751678,33
60,245.97,245.7,246.16,245.85,22683,242.52,246.02304878984268,310
61,245.7515,245.4322,245.93,245.5792,19541,242.52,245.74354257202793,215
62,245.5391,245.6778,245.56,245.46,3134,242.52,245.51309971282703,49
63,245.6778,245.93,245.9,245.53,8318,242.52,245.75003580187544,168
64,245.845,245.67,245.96,245.7,2426,242.52,245.86266570486396,32
65,245.79,245.99,245.8988,245.74,2950,242.52,245.80695355932198,35
66,245.99,245.7301,246.06,245.82,9988,242.52,245.93485722867445,126
67,245.7301,246.0,245.85,245.7301,223,242.52,245.7993273542601,3
68,246.0,245.74,246.0,245.78,1185,242.52,245.9022683544304,11
69,245.75,246.0,245.92,245.75,204,242.52,245.83568578431368,4
70,246.0,246.25,246.2,245.76,8612,242.52,245.9850724686483,98
71,246.25,246.0,246.25,246.13,496,242.52,246.2258064516129,2
72,246.0,246.25,246.24,246.0,202,242.52,246.1210396039604,4
73,246.25,246.0,246.25,246.25,1067,242.52,246.233144329897,35
74,246.1,246.25,246.12,246.1,1199,242.52,246.11232635529615,45
75,246.25,246.0,246.25,246.0444,1335,242.52,246.19730337078653,15
76,246.14,246.275,246.14,246.14,300,242.52,246.0471333333333,5
77,246.275,246.01,246.39,246.07,28380,242.52,246.1808868921777,395
78,246.01,245.76,246.08,245.78,16534,242.52,245.9567313475262,198
79,245.83,245.51,245.84,245.53,12301,242.52,245.66370986098713,139
80,245.55,245.25,245.58,245.31,6846,242.52,245.40111440257084,80
81,245.3,245.5,245.47,245.1,18528,242.52,245.28864493739212,222
82,245.5,245.79,245.66,245.38,5353,242.52,245.58260433401819,60
83,245.79,245.54,245.9894,245.595,13704,242.52,245.80138295388213,201
84,245.54,245.8,245.77,245.3,8557,242.52,245.5616924623117,105
85,245.96,246.08,246.04,245.76,8262,242.52,245.96259636891793,114
86,246.08,246.33,246.25,245.9444,9075,242.52,246.09243808264458,108
87,246.33,246.58,246.5,246.25,11961,242.52,246.4112140623694,235
88,246.55,246.26,246.66,246.37,26160,242.52,246.51541483180392,319
89,246.26,246.51,246.5,246.05,31757,242.52,246.33798371697588,395
90,246.43,246.26,246.6,246.29,7796,242.52,246.46231721395586,128
91,246.24,246.51,246.49,246.09,13016,242.52,246.3173583051629,219
92,246.48,246.26,246.56,246.31,10203,242.52,246.44206605900231,135
93,246.26,246.01,246.3395,246.07,5925,242.52,246.17866940084386,76
94,246.0,245.7586,246.01,245.774,7602,242.52,245.9027412259932,82
95,245.72,245.51,245.85,245.52,6021,242.52,245.71167487128375,86
96,245.51,242.2,245.65,245.485,3011,242.52,245.53949847226832,31
97,242.2,245.55,242.2,242.2,131,242.52,242.2,1
98,245.47,246.0969,245.69,245.34,13631,242.52,245.53982755483835,128
99,245.58,245.84,245.8,245.5,6295,242.52,245.59579968228758,95
100,245.66,245.55,245.72,245.64,1676,242.52,245.69473747016707,43
101,245.58,245.3,245.69,245.33,19565,242.52,245.51033014566852,277
102,245.3,245.025,245.3,245.12,3533,242.52,245.21573673931496,50
103,245.025,244.75,245.242,244.8,13556,242.52,245.0019879831807,171
104,244.88,244.5,244.9,244.51,17091,242.52,244.65713706044087,260
105,244.53,244.23,244.6,244.27,5586,242.52,244.4901936627282,109
106,244.25,244.48,244.43,244.14,12689,242.52,244.3038476475688,130
107,244.35,244.21,244.3938,244.26,5475,242.52,244.3233001461187,78
108,244.29,243.94,244.29,244.0,9540,242.52,244.17390098532493,110
109,244.1,244.2,244.1,243.92,2254,242.52,244.0152027506655,47
110,244.12,243.95,244.2,244.0,5563,242.52,244.0658255437714,58
111,244.0,244.23,244.18,243.78,53437,242.52,244.00685729550648,622
112,244.13,243.9609,244.23,244.07,1618,242.52,244.13687268232385,32
113,244.0,243.7,244.0,243.77,8114,242.52,243.90593057678106,118
114,243.7,243.44,243.8527,243.51,9969,242.52,243.69051374260206,157
115,243.44,243.1,243.67,243.2,26559,242.52,243.42066650852803,374
116,243.25,243.37,243.3,243.1,7943,242.52,243.19169408284037,59
117,243.37,244.2249,243.6049,243.33,7682,242.52,243.45712067170012,113
118,243.2,243.455,243.27,243.2,1042,242.52,243.29725287907863,45
119,243.455,243.7,243.61,243.43,2897,242.52,243.51970659302725,33
120,243.68,243.95,243.94,243.53,20026,242.52,243.70678224308398,285
121,243.95,244.22,244.1529,243.8998,4250,242.52,244.04639651764703,73
122,244.22,243.97,244.24,243.99,6505,242.52,244.1164596156803,84
123,243.99,244.24,244.2,243.884,15102,242.52,244.02066757383128,220
124,244.24,244.49,244.48,244.12,14473,242.52,244.30995477095297,255
125,244.454,244.74,244.7,244.4134,10554,242.52,244.5406201345462,191
126,244.65,244.99,244.93,244.65,6030,242.52,244.82345356550564,104
127,244.99,245.28,245.22,244.83,22779,242.52,245.0655398524956,314
128,245.28,245.0,245.28,245.11,3144,242.52,245.181951812977,47
129,245.16,244.4246,245.16,245.0,3789,242.52,245.0465261018738,65
130,245.0767,244.0874,245.16,245.03,6434,242.52,245.10041732981037,49
131,245.12,244.9213,245.12,245.0,1069,242.52,245.05779345182415,17
132,244.9213,244.66,244.9213,244.68,8046,242.52,244.79397655978124,126
133,244.63,244.4,244.7,244.48,5058,242.52,244.56834454329783,76
134,244.4,244.6461,244.61,244.3414,20542,242.52,244.43397955895233,208
135,244.6461,244.9,244.83,244.6461,2099,242.52,244.75807527393997,30
136,244.91,244.59,244.93,244.74,3751,242.52,244.80548656358295,123
137,244.51,244.33,244.5407,244.35,1736,242.52,244.48950760368666,64
138,244.4584,244.07,244.48,244.13,33842,242.52,244.2945015808758,700
139,244.05,243.8,244.05,243.83,6708,242.52,243.95953861061435,89
140,243.8,243.55,243.83,243.56,2991,242.52,243.73770645269144,42
141,243.59,243.8,243.73,243.52,9802,242.52,243.62588323811454,122
142,243.7005,244.2503,243.7005,243.7005,1132,242.52,243.71169611307417,10
143,243.77,244.07,244.0,243.77,4433,242.52,243.8861472366343,92
144,244.07,244.38,244.3,243.88,25838,242.52,244.1100845073149,362
145,244.38,244.13,244.55,244.19,12969,242.52,244.3541311203638,202
146,244.11,243.88,244.2766,243.91,14993,242.52,244.11036581738145,155
147,243.88,244.15,244.09,243.88,1181,242.52,243.9765537679932,19
148,244.15,244.4,244.38,243.915,14767,242.52,244.16222345770987,277
149,244.51,244.12,244.55,244.21,11131,242.52,244.40083049142046,187
150,244.17,244.08,244.22,244.17,341,242.52,244.1941747800587,9
151,244.08,243.83,244.1451,243.85,8196,242.52,243.99932689116642,109
152,243.82,244.25,243.82,243.7602,2257,242.52,243.7790075321223,23
153,243.76,243.51,243.76,243.52,2835,242.52,243.68177777777782,51
154,243.51,243.77,243.71,243.51,3345,242.52,243.61008669656195,58
155,243.7,243.52,243.7,243.58,2712,242.52,243.65233775811208,40
156,243.52,243.7799,243.7618,243.52,3835,242.52,243.66184354628413,62
157,243.65,244.03,243.99,243.65,6316,242.52,243.85258058898035,83
158,244.05,244.28,244.27,243.86,20915,242.52,244.07421940712425,384
159,244.28,244.02,244.42,244.04,13940,242.52,244.2916107245335,132
160,243.96,243.75,244.07,243.84,3286,242.52,243.95502373706637,43
161,243.75,243.5,243.75,243.51,3932,242.52,243.66754778738556,85
162,243.5,243.25,243.58,243.26,7761,242.52,243.472596070094,112
163,243.25,243.0,243.255,243.04,10879,242.52,243.11545434322994,146
164,243.01,242.73,243.01,242.83,4319,242.52,242.92082111599893,90
165,242.73,242.98,242.89,242.69,8230,242.52,242.79048115431345,131
166,242.98,242.73,242.98,242.74,816,242.52,242.86768786764702,20
167,242.82,242.99,242.97,242.62,37129,242.52,242.75825296129713,565
168,242.96,243.25,243.2,242.8,34551,242.52,242.97231361176253,548
169,243.34,243.0,243.34,243.04,3985,242.52,243.18006930991223,75
170,243.0,242.74,243.17,242.77,24184,242.52,242.97459399603062,569
171,242.74,242.45,242.875,242.5,16848,242.52,242.63775659425468,222
172,242.5,243.2084,242.51,242.28,13233,242.52,242.36988725912485,133
173,242.3,243.2084,242.3,242.3,200,242.52,242.3,2
174,242.3102,242.57,242.5,242.3,12300,242.52,242.35377642276404,112
175,242.51,242.32,242.75,242.33,24722,242.52,242.56971956152418,354
176,242.36,242.6,242.49,242.352,5309,242.52,242.4460861744209,72
177,242.65,242.32,242.69,242.36,17267,242.52,242.5755969711008,283
178,242.32,242.59,242.56,242.08,33201,242.52,242.27088729857553,547
179,242.6,242.32,242.69,242.35,16596,242.52,242.54597662689793,285
180,242.2982,242.06,242.38,242.09,8970,242.52,242.27359435897415,172
181,242.0,242.5078,242.26,241.8588,17756,242.52,242.01179923969366,360
182,242.1,241.88,242.23,241.94,36398,242.52,242.10518227100386,603
183,241.88,241.6018,241.89,241.65,6741,242.52,241.78728230232917,130
184,241.6018,241.36,241.64,241.4702,8201,242.52,241.5795490915742,128
185,241.37,241.1,241.52,241.21,19780,242.52,241.3258763801821,366
186,241.1,241.355,241.34,241.09,9349,242.52,241.23422025885102,151
187,241.3524,241.11,241.3524,241.22,2542,242.52,241.27240853658537,48
188,241.11,241.36,241.34,240.93,22456,242.52,241.09783492607755,335
189,241.42,241.62,241.59,241.34,7741,242.52,241.4834375403695,89
190,241.75,241.35,241.75,241.405,6563,242.52,241.6084801919853,142
191,241.35,241.6,241.57,241.35,8342,242.52,241.47667860225366,126
192,241.605,241.85,241.81,241.605,1912,242.52,241.70509147489534,46
193,241.85,241.6,241.9865,241.68,6729,242.52,241.8458946054392,130
194,241.6094,241.86,241.83,241.57,20615,242.52,241.6766876788747,200
195,241.89,242.11,242.1,241.89,4748,242.52,242.01722514743048,83
196,242.1,242.42,242.3,242.1,7086,242.52,242.20081075359852,88
197,242.275,242.15,242.2778,242.2,4992,242.52,242.2227232572116,86
198,242.12,241.87,242.1358,241.91,11601,242.52,241.9536255495216,94
199,241.89,241.6,241.92,241.68,7789,242.52,241.81612215945586,166
200,241.6,241.34,241.7,241.4,9369,242.52,241.51956398761862,160
201,241.34,241.6,241.55,241.3002,4731,242.52,241.37825411118155,46
202,241.51,241.31,241.619,241.4,4944,242.52,241.55765736245948,47
203,241.31,241.585,241.55,241.21,10365,242.52,241.35800923299567,151
204,241.585,241.84,241.71,241.46,8124,242.52,241.61792466765135,125
205,241.8481,242.1,242.06,241.8481,4808,242.52,241.94797212978372,64
206,242.1,242.385,242.34,241.91,9231,242.52,242.13599143104761,102
207,242.385,242.67,242.55,242.33,23035,242.52,242.41801571087476,113
208,242.67,242.95,242.88,242.56,4256,242.52,242.7416101973684,45
209,242.85,243.2,243.1865,242.85,22024,242.52,243.0090784825645,65
210,243.2,242.95,243.2,242.98,13770,242.52,243.10099621641265,113
211,242.99,242.7,243.03,242.8,4083,242.52,242.85936906686257,37
212,242.7689,242.99,242.93,242.7,1201,242.52,242.8149723563697,12
213,242.93,242.745,243.02,242.75,2089,242.52,242.9049588319771,36
214,242.86,242.99,242.96,242.62,10548,242.52,242.7337553943877,145
215,242.99,243.26,243.23,242.91,4955,242.52,243.11353178607465,48
216,243.26,243.0,243.3,243.02,29000,242.52,243.11868813448262,204
217,243.08,242.7122,243.22,242.8404,12410,242.52,243.04247846091863,205
218,243.0,243.275,243.25,242.91,27175,242.52,243.11541386568544,321
219,243.275,243.52,243.5,243.2,4099,242.52,243.3343644791413,44
220,243.5,243.27,243.595,243.31,9000,242.52,243.48655407777773,162
221,243.32,243.54,243.35,243.27,2493,242.52,243.33803955074214,67
222,243.5679,243.2386,243.77,243.33,29970,242.52,243.57253173840508,371
223,243.2386,242.99,243.34,243.0,8700,242.52,243.13860163218393,94
224,243.03,242.72,243.03,242.75,2092,242.52,242.86154158699796,60
225,242.789,242.99,242.84,242.6306,4786,242.52,242.75594797325536,44
226,242.99,242.73,242.99,242.99,218,242.52,242.89036697247707,6
227,242.73,242.98,242.73,242.73,106,242.52,242.73,2
228,242.75,242.72,242.97,242.75,5683,242.52,242.85657927151158,60
229,242.73,242.46,242.87,242.5,18078,242.52,242.7085860272155,146
230,242.52,242.16,242.55,242.28,11100,242.52,242.41181231531525,174
231,242.26,242.42,242.39,242.0,13849,242.52,242.13649326305156,239
232,242.41,242.71,242.6,242.23,12200,242.52,242.41870439344237,244
233,242.7482,242.46,242.8655,242.5,23320,242.52,242.65550759005146,269
234,242.5,242.73,242.7,242.5,3241,242.52,242.58553841406973,43
235,242.74,242.48,242.74,242.51,3799,242.52,242.65402079494595,73
236,242.47,242.22,242.63,242.3,11444,242.52,242.49798063614134,195
237,242.19,242.47,242.425,242.113,20214,242.52,242.28090334916402,179
238,242.4,242.74,242.71,242.4,36913,242.52,242.55622463088883,467
239,242.8399,242.99,242.96,242.7342,14621,242.52,242.85189210724312,194
240,242.98,242.72,243.1173,242.89,9194,242.52,243.01889923863402,158
241,242.8,242.474,242.8662,242.49,17214,242.52,242.75406147902873,214
242,242.474,242.72,242.71,242.46,9074,242.52,242.65414610976416,31
243,242.71,242.97,242.95,242.71,2513,242.52,242.85411261440512,52
244,242.97,243.24,243.2,242.97,4765,242.52,243.06673001049313,79
245,243.24,242.99,243.25,243.03,16179,242.52,243.14683333333335,197
246,242.99,243.24,243.22,242.85,43054,242.52,242.99288002740727,522
247,243.23,242.95,243.3,243.0,20978,242.52,243.17835808942712,269
248,242.95,242.695,242.98,242.7986,4698,242.52,242.85974427415923,68
249,242.695,242.45,242.74,242.46,7898,242.52,242.60272347429702,124
250,242.45,242.2,242.465,242.25,8026,242.52,242.35477463244453,123
251,242.21,242.46,242.41,242.02,15210,242.52,242.17379800788945,249
252,242.44,242.73,242.65,242.23,30530,242.52,242.51830636423185,347
253,242.75,242.47,242.95,242.52,23818,242.52,242.77555450079777,288
254,242.42,242.22,242.4353,242.24,12287,242.52,242.32058168796286,98
255,242.22,242.7643,242.31,242.2,9615,242.52,242.2758967758711,52
256,242.16,242.41,242.38,242.04,10820,242.52,242.14564475970428,109
257,242.47,242.66,242.585,242.445,7887,242.52,242.49293638899454,25
258,242.66,242.92,242.86,242.49,9791,242.52,242.64858369931565,162
259,242.92,243.19,243.14,242.8625,26632,242.52,242.95493144713132,144
260,243.21,243.4687,243.41,243.21,7134,242.52,243.32807525932176,137
261,243.4687,243.73,243.7,243.3,48456,242.52,243.4669440193166,488
262,243.74,243.152,243.85,243.55,48799,242.52,243.72327969835456,439
263,243.76,243.51,243.76,243.59,5492,242.52,243.63342944282596,61
264,243.5,243.77,243.75,243.38,23665,242.52,243.5661576167336,265
265,243.75,243.52,243.83,243.55,8957,242.52,243.74557301551866,131
266,243.5027,243.27,243.55,243.29,5470,242.52,243.45041299817186,101
267,243.26,243.52,243.51,243.2421,15146,242.52,243.3821018618776,271
268,243.5,243.77,243.74,243.48,9465,242.52,243.57521331220303,164
269,243.67,243.4967,243.78,243.5361,9826,242.52,243.737508396092,126
270,243.5256,243.8,243.73,243.4657,9254,242.52,243.6147689431594,183
271,243.69,244.05,244.04,243.64,57599,242.52,243.9469370058508,703
272,244.05,244.3,244.29,244.05,11731,242.52,244.1892575824737,213
273,244.3,244.55,244.51,244.12,73554,242.52,244.26986927155468,964
274,244.59,243.7602,244.68,244.4772,7990,242.52,244.59601997496873,109
275,244.57,244.82,244.8,244.55,7111,242.52,244.6742289692026,129
276,244.82,245.07,245.06,244.7512,30931,242.52,244.9304966603083,440
277,245.0,244.8,245.06,244.9,7864,242.52,244.97402739064088,81
278,244.8,244.53,244.9,244.59,81946,242.52,244.73967876284317,1064
279,244.5538,244.2724,244.5538,244.38,6490,242.52,244.48786833590137,128
280,244.2724,244.53,244.5,244.2724,18170,242.52,244.3516972537148,198
281,244.53,244.79,244.74,244.5,11608,242.52,244.54735329083414,97
282,244.79,245.04,245.0,244.6768,32824,242.52,244.838488024007,438
283,245.04,245.3,245.28,245.02,27776,242.52,245.1132596126152,231
284,245.3,245.55,245.54,245.14,134871,242.52,245.38669504341135,1716
285,245.56,245.8,245.79,245.56,5304,242.52,245.66639702111598,109
286,245.8,246.05,246.0,245.57,67834,242.52,245.8591415661763,977
287,246.06,245.79,246.23,245.82,34000,242.52,246.11084457058865,528
288,245.75,246.04,246.0,245.61,21679,242.52,245.78371528206998,432
289,246.1,246.29,246.27,245.9843,21262,242.52,246.0550393848181,274
290,246.31,246.56,246.51,246.17,99743,242.52,246.3583998055004,1117
291,246.56,246.81,246.8,246.44,73015,242.52,246.6066854933919,951
292,246.81,247.07,247.045,246.75,62212,242.52,246.90173786568462,800
293,247.07,246.6549,247.19,246.985,15650,242.52,247.08344979552714,262
294,247.07,247.31,247.3,247.0,35491,242.52,247.14875196528706,668
295,247.31,247.56,247.55,247.2539,16516,242.52,247.3983062182127,353
296,247.56,247.27,247.7799,247.34,30268,242.52,247.55116946610306,555
297,247.27,244.15,247.41,247.27,4112,242.52,247.376137889105,67
298,247.385,247.65,247.61,247.34,25937,242.52,247.4450336893241,470
299,247.65,247.9,247.88,247.55,26492,242.52,247.7247591574813,554
300,247.9,248.15,248.07,247.72,68018,242.52,247.9435121291418,762
301,248.15,248.4,248.37,248.04,81654,242.52,248.23129773311834,1037
302,248.4,248.65,248.64,248.27,44648,242.52,248.4264396747896,649
303,248.65,248.4,248.71,248.45,12574,242.52,248.58581056147622,220
304,248.5,248.14,248.54,248.18,24217,242.52,248.41374310195351,325
305,248.14,247.89,248.1754,247.91,6789,242.52,248.07044175872727,88
306,247.9,247.64,247.99,247.69,17186,242.52,247.84279723030332,296
307,247.69,247.3734,247.69,247.43,10441,242.52,247.53518526961025,237
308,247.42,247.9017,247.51,247.28,11852,242.52,247.3802564208573,245
309,247.5025,247.8,247.7162,247.33,19471,242.52,247.5232726516355,377
310,247.8,247.432,247.86,247.56,19234,242.52,247.6879699438493,348
311,247.8099,247.5517,247.87,247.66,11069,242.52,247.76705287740526,162
312,247.6478,247.3,247.6478,247.359,9011,242.52,247.5115986128066,156
313,247.3319,247.555,247.5,247.3135,12896,242.52,247.43687148728299,282
314,247.555,247.3,247.6103,247.31,27857,242.52,247.4671822342679,372
315,247.3,247.05,247.3,247.08,6939,242.52,247.1981624297448,95
316,247.05,246.8,247.05,246.82,29820,242.52,246.91801690476194,569
317,246.8,247.07,247.04,246.7615,15622,242.52,246.87999607604672,240
318,247.07,246.82,247.2153,246.84,25696,242.52,247.07548535958895,431
319,246.83,247.2793,246.86,246.7003,9020,242.52,246.82380859201808,162
320,246.765,246.64,246.765,246.71,1041,242.52,246.72021556195966,26
321,246.62,246.39,246.7479,246.4,21281,242.52,246.54879909308744,309
322,246.38,246.64,246.57,246.28,13241,242.52,246.3754738841477,185
323,246.63,246.8898,246.87,246.535,13862,242.52,246.67859966094352,227
324,246.89,247.14,247.13,246.7,31470,242.52,246.90290148077543,442
325,247.14,247.4,247.36,247.07,6831,242.52,247.20750755379876,109
326,247.4,247.66,247.6,247.29,16160,242.52,247.4778209591585,179
327,247.69,247.41,247.7,247.51,12085,242.52,247.61446009929662,193
328,247.53,247.68,247.6482,247.31,22877,242.52,247.49137007037643,428
329,247.62,247.43,247.62,247.47,3346,242.52,247.5457777644948,63
330,247.4,247.18,247.5691,247.208,18335,242.52,247.46414029997285,199
331,247.1802,246.91,247.24,246.96,11170,242.52,247.1033552909579,176
332,246.91,247.16,247.15,246.91,5845,242.52,247.06799016253214,129
333,247.16,246.8611,247.31,246.96,28516,242.52,247.18135941927372,575
334,246.96,247.1127,247.08,246.75,9267,242.52,246.89756129275918,233
335,247.1127,247.3651,247.3,247.01,13092,242.52,247.1585703253895,219
336,247.3651,247.0801,247.54,247.1201,32932,242.52,247.3582595317624,522
337,247.0801,246.8119,247.2,246.85,17531,242.52,247.04322051793986,268
338,246.82,247.08,247.0,246.82,3984,242.52,246.89404437751008,65
339,247.05,246.82,247.1,246.85,6176,242.52,247.00822673251287,134
340,246.82,247.07,247.06,246.71,28250,242.52,246.89238131681404,371
341,247.08,246.79,247.1499,246.84,40694,242.52,246.9850148252812,544
342,246.77,246.5152,246.77,246.56,5557,242.52,246.6265959690481,132
343,246.5152,246.77,246.7436,246.51,6875,242.52,246.61514164363632,109
344,246.78,247.02,247.0,246.63,22106,242.52,246.8353854202482,474
345,247.02,247.28,247.25,246.86,39432,242.52,247.04106191164502,639
346,247.28,247.03,247.32,247.05,12207,242.52,247.20455203571754,230
347,247.0,246.78,247.12,246.81,9986,242.52,246.9924233727217,167
348,246.78,246.53,246.78,246.56,2776,242.52,246.61721167146985,91
349,246.53,246.78,246.77,246.53,4345,242.52,246.6114661910241,96
350,246.84,247.03,247.0,246.6035,141181,242.52,246.7999647750052,1977
351,247.0,247.28,247.27,246.945,14010,242.52,247.07881690221268,214
352,247.27,247.54,247.51,247.19,68061,242.52,247.32380300465758,857
353,247.54,247.0,247.74,247.43,54285,242.52,247.57619309385657,544
354,247.61,247.0,247.61,247.47,3781,242.52,247.52973335096527,82
355,247.5,247.0,247.505,247.5,636,242.52,247.5036707547169,22
356,247.48,247.1,247.497,247.48,977,242.52,247.48873797338797,13
357,247.44,247.2506,247.44,247.2757,2660,242.52,247.3352781954887,40
358,247.2506,246.9,247.31,247.2506,1500,242.52,247.28335366666667,34
359,247.27,246.75,247.3302,247.09,9278,242.52,247.21795385859002,156
360,247.12,247.37,247.36,247.12,12904,242.52,247.14056377867323,169
361,247.37,247.0,247.5,247.36,4208,242.52,247.43418250950583,74
362,247.56,246.95,247.58,247.35,6020,242.52,247.44261014950158,102
363,247.3765,247.0,247.3765,247.3765,159,242.52,247.38165408805028,7
364,247.3209,247.12,247.4116,247.15,13927,242.52,247.31838467006526,348
365,247.09,247.375,247.35,246.92,15612,242.52,247.15875338841926,344
366,247.35,247.64,247.6,247.35,9680,242.52,247.47939349173564,173
367,247.54,247.39,247.77,247.4,23389,242.52,247.56214103210934,316
368,247.4,247.14,247.4,247.15,4441,242.52,247.3032352623284,127
369,247.15,247.4674,247.3,247.106,6834,242.52,247.2064061896399,141
370,247.3084,247.47,247.44,247.2881,4075,242.52,247.3268858404909,88
371,247.44,247.0,247.5,247.44,3777,242.52,247.45541339687583,8
372,247.4539,247.19,247.51,247.22,28029,242.52,247.49156567483672,181
373,247.222,246.88,247.225,246.95,8504,242.52,247.07790416274682,194
374,246.88,246.63,246.94,246.67,7230,242.52,246.78342392807733,160
375,246.63,246.38,246.765,246.39,11819,242.52,246.5610768677553,331
376,246.39,246.09,246.4,246.16,4064,242.52,246.31073813976377,129
377,246.13,245.84,246.16,245.85,20760,242.52,246.03678763487483,535
378,245.9,245.59,245.97,245.63,10245,242.52,245.80621407515852,327
379,245.56,245.34,245.56,245.35,5284,242.52,245.47767827403467,155
380,245.43,245.09,245.49,245.14,23731,242.52,245.31778778391126,640
381,245.1,244.83,245.1,244.85,14820,242.52,244.99996288798923,182
382,244.83,244.57,245.05,244.6,11572,242.52,244.75838286380912,311
383,244.573,244.84,244.79,244.5,4373,242.52,244.62800194374574,68
384,244.84,244.57,244.84,244.65,2149,242.52,244.7022689157748,30
385,244.57,244.32,244.57,244.33,5771,242.52,244.53306742332342,96
386,244.32,244.07,244.53,244.16,11197,242.52,244.289951585246,171
387,244.14,243.8,244.14,243.83,11645,242.52,244.0389136968656,92
388,243.8,244.05,244.0,243.6,24762,242.52,243.8499280146999,365
389,243.99,243.8,244.09,243.85,4550,242.52,243.95459208791223,88
390,243.76,244.05,244.0,243.61,7863,242.52,243.80488218237326,253
391,243.91,243.8,244.18,243.81,8016,242.52,243.98276025449115,215
392,243.8,243.55,243.94,243.58,10022,242.52,243.77694931151467,179
393,243.56,243.3,243.59,243.36,8169,242.52,243.53358603256197,152
394,243.37,243.55,243.49,243.37,2391,242.52,243.4274236721037,73
395,243.5573,243.8,243.73,243.4118,4413,242.52,243.5781721278042,74
396,243.685,243.54,243.685,243.57,2706,242.52,243.66842572062066,64
397,243.53,243.787,243.75,243.44,6480,242.52,243.55783351851875,137
398,243.69,243.54,243.77,243.6441,2485,242.52,243.68105006036217,70
399,243.54,243.83,243.76,243.5,5124,242.52,243.63308694379404,164
400,243.78,244.1,243.87,243.66,6330,242.52,243.7967446919434,130
401,244.1,244.38,244.3099,243.91,16440,242.52,244.12352325425792,262
402,244.27,244.12,244.27,244.27,418,242.52,244.21827751196173,9
403,244.29,244.38,244.31,244.2,883,242.52,244.2873839184598,22
404,244.42,244.63,244.51,244.3,7775,242.52,244.4328171575563,118
405,244.63,244.88,244.87,244.43,31704,242.52,244.7091010629576,296
406,244.69,244.58,244.792,244.625,6378,242.52,244.71672906867374,87
407,244.58,244.85,244.7825,244.56,12985,242.52,244.64707309202902,197
408,244.72,245.11,245.09,244.69,25016,242.52,244.89137925327788,379
409,245.1,244.85,245.33,244.87,15382,242.52,245.14418643869453,185
410,244.93,244.59,244.93,244.71,6843,242.52,244.78019082273858,78
411,244.61,244.34,244.78,244.4,32361,242.52,244.59288645900943,610
412,244.375,244.59,244.56,244.33,18986,242.52,244.39442119456407,343
413,244.58,244.8871,244.82,244.51,8262,242.52,244.63138036794965,149
414,244.7122,244.37,244.769,244.45,12512,242.52,244.61234061700796,334
415,244.35,244.62,244.6,244.14,8661,242.52,244.2875863987994,159
416,244.62,244.35,244.71,244.42,12084,242.52,244.52018972194642,202
417,244.4,244.6,244.47,244.27,10664,242.52,244.36409369842454,256
418,244.68,244.89,244.8133,244.63,9028,242.52,244.74066567346026,158
419,244.76,244.62,244.79,244.65,5115,242.52,244.71287653958936,109
420,244.71,244.87,244.81,244.71,1672,242.52,244.74417583732057,44
421,244.78,244.62,244.87,244.72,3997,242.52,244.79078994245683,97
422,244.66,244.87,244.81,244.66,4958,242.52,244.71062002823714,96
423,244.87,245.12,245.0372,244.7,23324,242.52,244.90450176213363,424
424,245.11,245.38,245.3263,244.9737,10791,242.52,245.17728490408678,239
425,245.38,245.13,245.59,245.1601,33370,242.52,245.3823079532512,615
426,245.1618,244.88,245.1667,244.89,12528,242.52,245.02860478927178,213
427,244.88,245.1594,245.12,244.79,8135,242.52,244.92848652735103,168
428,245.1,244.91,245.1594,244.93,1120,242.52,245.0347321428571,28
429,244.88,244.62,245.07,244.8,13577,242.52,244.9222185681669,258
430,244.75,244.88,244.86,244.5,32640,242.52,244.6194427359067,560
431,244.87,244.63,244.87,244.72,3191,242.52,244.77760094014428,62
432,244.68,244.38,244.68,244.39,19489,242.52,244.56214851454652,362
433,244.33,244.13,244.36,244.1435,13548,242.52,244.25377342781212,194
434,244.1,244.7877,244.15,244.08,2689,242.52,244.123237262923,51
435,244.23,244.46,244.44,244.16,12484,242.52,244.3395942726691,163
436,244.4236,244.73,244.67,244.33,8674,242.52,244.46496344247186,206
437,244.78,245.0,244.9059,244.63,9268,242.52,244.68480329089343,107
438,245.0,245.25,245.22,244.9,8851,242.52,245.05230010168336,90
439,245.25,245.5,245.4248,245.25,1733,242.52,245.34753375649166,38
440,245.53,245.75,245.7,245.445,2383,242.52,245.616749517415,72
441,245.7019,246.0,245.99,245.68,7305,242.52,245.80716057494857,193
442,245.85,245.73,245.915,245.83,1834,242.52,245.84854591057797,49
443,245.73,245.48,245.784,245.53,8041,242.52,245.66496755378688,168
444,245.46,245.0992,245.62,245.39,13591,242.52,245.48202657641085,174
445,245.58,245.3,245.64,245.3543,13222,242.52,245.57889888065347,179
446,245.22,245.03,245.22,245.08,3549,242.52,245.16622327416164,91
447,245.0,244.78,245.1758,244.8,27670,242.52,244.9951813986267,316
448,244.73,245.06,245.02,244.67,19556,242.52,244.83071743199017,249
449,245.06,245.31,245.29,244.94,8434,242.52,245.08552089162916,213
450,245.3,245.05,245.32,245.08,5084,242.52,245.19376573564148,106
451,245.04,244.8,245.04,244.85,5378,242.52,244.9369721085905,108
452,244.77,244.55,244.98,244.57,25229,242.52,244.75650983788486,334
453,244.55,244.3,244.59,244.34,8537,242.52,244.50303122876898,139
454,244.3,244.56,244.5289,244.3,6559,242.52,244.4461781521574,78
455,244.6,244.31,244.6627,244.38,3798,242.52,244.5614691943128,55
456,244.31,244.06,244.31,244.1,4393,242.52,244.22909487821542,86
457,244.11,243.8103,244.142,243.84,14014,242.52,244.02553085485943,248
458,243.8103,244.07,244.01,243.8103,3476,242.52,243.92837229574218,58
459,243.92,243.81,244.2486,243.8826,9546,242.52,244.05934296040232,189
460,243.82,244.07,244.0332,243.6,46273,242.52,243.79272286862752,828
461,244.05,243.82,244.1308,243.87,6923,242.52,244.00869380326444,97
462,243.78,244.08,244.06,243.76,5115,242.52,243.85778087976567,98
463,244.08,244.33,244.3,244.0076,4559,242.52,244.1602643123493,86
464,244.305,244.0651,244.43,244.14,9384,242.52,244.32522476555846,161
465,244.0651,244.32,244.305,243.94,21776,242.52,244.10641086058047,337
466,244.32,244.58,244.455,244.21,6970,242.52,244.32648154949794,119
467,244.5792,244.84,244.71,244.4229,8098,242.52,244.58236552235132,180
468,244.84,244.58,244.88,244.62,6582,242.52,244.7178065177756,93
469,244.62,244.33,244.62,244.42,1931,242.52,244.5000233039876,65
470,244.375,244.08,244.375,244.1,5949,242.52,244.24325597579423,154
471,244.04,243.83,244.1,243.86,7187,242.52,243.96070126617502,124
472,243.81,244.1,244.0486,243.65,13994,242.52,243.89339206088326,273
473,244.05,244.3751,244.12,244.05,1164,242.52,244.15368556701043,48
474,244.3751,244.68,244.55,244.35,8156,242.52,244.45283699117226,163
475,244.68,244.93,244.91,244.63,14318,242.52,244.78673378963546,129
476,244.93,244.68,245.04,244.75,34490,242.52,244.9173197216588,430
477,244.62,244.43,244.81,244.5,23319,242.52,244.68296550452405,436
478,244.37,244.17,244.4,244.19,13199,242.52,244.2941741040989,293
479,244.2,243.92,244.2515,243.96,26770,242.52,244.1839225812474,115
480,243.946,243.67,244.07,243.72,29604,242.52,243.8591475881636,445
481,243.66,243.99,243.78,243.6075,8651,242.52,243.68667041960472,149
482,243.81,243.74,243.8989,243.78,5627,242.52,243.87400399857827,16
483,243.79,243.49,243.88,243.5,31803,242.52,243.6509897776942,513
484,243.5,241.6936,243.57,243.34,7980,242.52,243.476535087719,204
485,243.37,243.1324,243.4931,243.215,13415,242.52,243.33952138650764,241
486,243.185,242.88,243.1966,242.9073,31739,242.52,243.05176672547972,427
487,242.87,242.63,242.98,242.65,40368,242.52,242.81672604785973,508
488,242.63,243.3829,242.7828,242.59,24408,242.52,242.66492486889553,302
489,242.675,242.91,242.89,242.61,12423,242.52,242.72493980519997,154
490,242.9038,242.66,242.9038,242.69,7774,242.52,242.8062810908155,89
491,242.65,242.4,242.65,242.44,5753,242.52,242.53192428298303,134
492,242.37,242.15,242.5494,242.16,35144,242.52,242.35054697814715,516
493,242.24,241.9,242.24,241.94,16365,242.52,242.02777145126814,331
494,241.965,241.65,242.09,241.6656,41160,242.52,241.8773766982505,778
495,241.6682,241.4,241.6682,241.42,9730,242.52,241.5398596916753,186
496,241.4,241.15,241.51,241.17,17264,242.52,241.34116850671936,302
497,241.17,240.89,241.17,240.93,31250,242.52,241.06564891520011,294
498,240.99,241.1474,241.0,240.91,2480,242.52,240.9735282258064,52
499,241.1474,240.9,241.1474,240.9262,3218,242.52,241.01282430080784,111
500,240.94,241.15,241.09,240.737,31087,242.52,240.88653087785846,529
501,241.16,241.4027,241.37,240.96,18049,242.52,241.18776343287715,225
502,241.4027,241.65,241.57,241.3311,31476,242.52,241.45141112911404,402
503,241.652,241.94,241.76,241.6385,3490,242.52,241.7133994269341,45
504,241.94,241.63,241.94,241.7,8930,242.52,241.8485205263156,197
505,241.63,241.38,241.8194,241.4,52615,242.52,241.5960852456524,780
506,241.37,241.63,241.6,241.23,6822,242.52,241.4329126942246,118
507,241.63,241.88,241.8556,241.61,20797,242.52,241.70725945569046,236
508,241.8714,241.63,241.9714,241.6696,18624,242.52,241.7951914733676,144
509,241.61,241.8719,241.87,241.565,5575,242.52,241.66967599999992,124
510,241.8719,241.63,241.95,241.66,15162,242.52,241.7623055731434,243
511,241.695,241.38,241.8,241.39,26221,242.52,241.64093771404592,250
512,241.45,241.65,241.61,241.2663,22608,242.52,241.4197725362702,340
513,241.63,241.4,241.63,241.49,1017,242.52,241.56036086529005,32
514,241.4461,241.15,241.48,241.18,11679,242.52,241.34462158575224,137
515,241.15,240.9023,241.15,240.95,25121,242.52,241.0779468611919,317
516,240.9023,240.66,240.9023,240.7,15352,242.52,240.79162505211036,207
517,240.6881,240.91,240.8551,240.6633,2811,242.52,240.74881405193878,43
518,240.91,240.66,240.91,240.68,8247,242.52,240.77055241906154,84
519,240.66,240.41,240.68,240.45,4558,242.52,240.57585458534436,136
520,240.41,240.1404,240.48,240.2,29170,242.52,240.3585281762084,362
521,240.1404,239.89,240.2389,239.95,47776,242.52,240.0686777042869,545
522,239.96,239.65,240.0,239.75,16831,242.52,239.8522203968865,397
523,239.6,239.41,239.6,239.44,3003,242.52,239.5157542457542,73
524,239.53,239.65,239.58,239.4,3725,242.52,239.50016107382535,112
525,239.66,239.39,239.66,239.42,5329,242.52,239.54978318633897,71
526,239.39,239.64,239.53,239.17,6357,242.52,239.3789326726444,176
527,239.47,239.89,239.84,239.47,21179,242.52,239.65155436989488,356
528,239.9,239.65,239.9,239.7,2287,242.52,239.7482151727153,63
529,239.63,239.41,239.82,239.46,18332,242.52,239.62460771328816,257
530,239.31,239.67,239.6,239.31,14816,242.52,239.4414222529699,262
531,239.67,239.34,239.67,239.46,1929,242.52,239.55332866770354,48
532,239.34,239.6,239.53,239.33,4929,242.52,239.4091617975249,66
533,239.6,239.88,239.82,239.5,18904,242.52,239.65553379179008,263
534,239.88,240.13,240.09,239.7701,12761,242.52,239.99038598855898,182
535,240.12,240.38,240.36,240.0659,17458,242.52,240.24134262802133,283
536,240.35,240.12,240.6,240.2,19646,242.52,240.41735217347036,357
537,240.092,240.42,240.33,240.0,33339,242.52,240.1556262215423,483
538,240.41,240.17,240.5,240.2,14804,242.52,240.3178349297486,182
539,240.23,240.46,240.4,240.02,19115,242.52,240.17371123201696,238
540,240.46,240.72,240.7,240.24,20099,242.52,240.44170580625897,246
541,240.72,240.47,240.93,240.5,31942,242.52,240.7257733235239,561
542,240.47,240.2,240.47,240.25,4959,242.52,240.36808025811652,144
543,240.2,239.93,240.2,239.97,13443,242.52,240.03770996057423,193
544,239.9371,239.68,239.96,239.71,8746,242.52,239.85639949691284,163
545,239.68,239.95,239.9,239.6,17341,242.52,239.76253733925367,150
546,239.8588,239.67,239.91,239.72,5281,242.52,239.80866313198266,114
547,239.65,239.43,239.88,239.49,15192,242.52,239.62368165481817,278
548,239.43,239.19,239.44,239.21,5670,242.52,239.32977601410954,146
549,239.19,238.95,239.41,239.0,40662,242.52,239.1996952683096,667
550,238.93,238.71,239.0,238.73,29253,242.52,238.86100088196082,535
551,238.8,238.95,238.93,238.8,1382,242.52,238.87577525325617,56
552,238.95,239.2,239.16,238.798,23178,242.52,238.95623472258208,350
553,239.21,238.95,239.21,239.1,1430,242.52,239.1734055944057,42
554,238.974,239.19,239.15,238.974,2231,242.52,239.03388166741377,50
555,239.19,238.8901,239.25,239.005,13741,242.52,239.17188340732113,101
556,238.9908,239.22,239.08,238.88,3241,242.52,238.97791672323345,105
557,239.22,238.98,239.22,238.99,2675,242.52,239.10340500934583,62
558,238.99,239.22,239.13,238.99,4298,242.52,239.07136714751041,89
559,239.21,239.4608,239.39,239.1055,8563,242.52,239.2703879247927,172
560,239.4608,239.71,239.63,239.4608,2334,242.52,239.55500385604114,83
561,239.6334,239.95,239.94,239.6334,5356,242.52,239.72975821508587,77
562,239.95,240.2,240.16,239.79,24758,242.52,240.0086277082155,459
563,240.2,240.45,240.44,240.0,29203,242.52,240.18740008218353,440
564,240.4581,240.2,240.6,240.21,26852,242.52,240.41551127662746,436
565,240.29,240.47,240.41,239.97,20182,242.52,240.14838609652148,472
566,240.49,240.73,240.64,240.32,6869,242.52,240.51855300625996,145
567,240.73,240.485,240.73,240.53,4538,242.52,240.6115011018069,68
568,240.51,240.74,240.71,240.51,2490,242.52,240.60779678714852,68
569,240.71,241.0,240.98,240.55,38205,242.52,240.7804862269339,558
570,241.0,241.25,241.24,240.89,31689,242.52,241.0781413834454,531
571,241.25,240.9365,241.25,241.05,8718,242.52,241.1320618031658,102
572,241.12,240.68,241.14,240.7301,23999,242.52,240.97368164506852,409
573,240.68,240.9763,240.9116,240.68,6455,242.52,240.79004164213788,152
574,240.9763,240.708,240.9763,240.78,4376,242.52,240.85743423217542,78
575,240.725,240.95,240.91,240.53,13877,242.52,240.71729272176975,270
576,240.92,240.7,240.92,240.775,4593,242.52,240.8574144350097,110
577,240.7,240.45,240.7704,240.5,2401,242.52,240.6225077051228,71
578,240.41,240.2,240.41,240.21,5554,242.52,240.3459718761252,121
579,240.21,239.9501,240.26,239.99,13584,242.52,240.1259309113663,312
580,240.1,239.71,240.14,239.72,8622,242.52,239.9338654720483,183
581,239.71,239.96,239.93,239.65,29541,242.52,239.76463395281118,623
582,239.93,240.2,240.17,239.86,9192,242.52,240.0185793951259,272
583,240.14,240.45,240.39,240.14,4248,242.52,240.32537290489654,83
584,240.45,240.7,240.65,240.3378,23057,242.52,240.52767184802883,484
585,240.7,240.43,240.7,240.46,3557,242.52,240.58580123699738,67
586,240.43,240.17,240.605,240.245,31375,242.52,240.44523206055788,602
587,240.12,240.45,240.4,240.03,15453,242.52,240.20463063482825,448
588,240.4365,240.2,240.5699,240.24,14498,242.52,240.4118548351497,205
589,240.2,240.46,240.415,240.2,14153,242.52,240.24746742740055,145
590,240.3901,240.74,240.69,240.3901,5457,242.52,240.55219770936424,66
591,240.75,240.99,240.97,240.71,21317,242.52,240.84156745320618,188
592,240.99,240.5295,241.1,240.9113,18191,242.52,241.00238283766697,253
593,240.92,240.76,241.19,240.8,31492,242.52,241.00590795757697,668
594,240.76,240.51,240.8,240.54,7121,242.52,240.68417918831625,267
595,240.48,240.26,240.58,240.27,4853,242.52,240.46507232639607,134
596,240.32,240.56,240.5,240.31,5069,242.52,240.41893509567961,69
597,240.56,240.31,240.67,240.33,33348,242.52,240.49628102135037,556
598,240.31,240.58,240.54,240.24,7466,242.52,240.35606287168494,217
599,240.63,240.3326,240.7562,240.4,21500,242.52,240.5959034325581,447
600,240.35,240.58,240.51,240.28,2814,242.52,240.37757668798872,77
601,240.6256,240.33,240.8,240.4,13972,242.52,240.57609888348134,347
602,240.37,240.5962,240.57,240.15,24523,242.52,240.33405576397672,603
603,240.5962,240.2929,240.77,240.3753,17148,242.52,240.59040358642406,309
604,240.43,240.54,240.5,240.3781,2205,242.52,240.42155115646258,54
605,240.513,240.8,240.76,240.37,18900,242.52,240.54657324867736,208
606,240.8,240.55,240.92,240.58,45482,242.52,240.74744020051872,771
607,240.55,240.83,240.79,240.48,20844,242.52,240.61993004221796,455
608,240.76,240.57,240.76,240.6,1905,242.52,240.69855296587926,52
609,240.54,240.32,240.63,240.4,6124,242.52,240.52120927498368,162
610,240.3,240.07,240.42,240.085,22866,242.52,240.27173434794008,464
611,240.05,240.5252,240.15,240.0,11271,242.52,240.0539311507408,126
612,240.11,239.81,240.21,239.87,16582,242.52,240.01527685442045,271
613,239.81,239.57,239.9,239.59,23119,242.52,239.7001495609673,373
614,239.56,239.82,239.8,239.52,23474,242.52,239.64015612166648,370
615,239.8535,239.56,240.0,239.59,16569,242.52,239.85320626471122,372
616,239.56,239.8,239.78,239.56,2103,242.52,239.67429291488347,42
617,239.81,240.04,240.0,239.76,7085,242.52,239.89950235709242,167
618,240.08,240.29,240.26,240.08,9647,242.52,240.15517153519218,176
619,240.29,240.55,240.5,240.29,11080,242.52,240.40864506317695,150
620,240.55,240.0,240.59,240.5,3550,242.52,240.53640380281686,44
621,240.54,240.78,240.75,240.52,3973,242.52,240.60085761389374,103
622,240.79,241.05,241.0,240.62,27782,242.52,240.83465153336684,658
623,240.865,240.8,241.16,240.82,15490,242.52,241.04448564880562,280
624,240.78,241.05,241.0,240.6,43769,242.52,240.81588575932705,880
625,241.07,240.8,241.1559,240.81,32033,242.52,240.984498220585,466
626,240.8,240.55,240.95,240.59,23928,242.52,240.78882934219286,402
627,240.55,240.3,240.77,240.33,42772,242.52,240.55107404610527,950
628,240.29,240.5581,240.52,240.11,33054,242.52,240.2877624130215,758
629,240.5581,240.82,240.79,240.5,5181,242.52,240.67558212700249,115
630,240.8,241.08,241.02,240.78,19481,242.52,240.93949675068035,282
631,241.03,241.33,241.28,241.0,5286,242.52,241.19592542565263,80
632,241.32,241.5765,241.55,241.23,26049,242.52,241.35940305961844,365
633,241.58,241.33,241.8,241.36,32818,242.52,241.62638021207917,643
634,241.38,241.58,241.4802,241.34,5383,242.52,241.4349333457181,74
635,241.56,241.83,241.82,241.515,25042,242.52,241.65271514655367,400
636,241.82,241.2404,241.98,241.69,16248,242.52,241.85190821024122,219
637,241.85,242.13,242.0,241.7906,13312,242.52,241.96029160156252,206
638,242.01,241.88,242.15,241.9,18936,242.52,242.02746287494736,383
639,241.91,241.6378,241.9812,241.64,30234,242.52,241.81662807766082,414
640,241.6378,241.38,241.697,241.449,11058,242.52,241.55651366431542,227
641,241.4441,241.7853,241.52,241.36,14937,242.52,241.43005832496485,223
642,241.46,241.14,241.46,241.2,11783,242.52,241.32101376559427,260
643,241.15,241.3946,241.345,241.15,2126,242.52,241.25161787394165,88
644,241.3946,241.67,241.6,241.35,12579,242.52,241.45272497813806,173
645,241.67,241.41,241.69,241.45,4529,242.52,241.5679648045927,89
646,241.44,241.16,241.44,241.21,2781,242.52,241.3424078389069,128
647,241.11,240.9,241.23,240.93,8375,242.52,241.0743541492533,316
648,240.98,241.15,241.09,240.95,3152,242.52,241.03969860406085,58
649,241.11,240.9,241.155,240.99,2565,242.52,241.0470981676415,100
650,240.95,241.3887,241.08,240.72,13283,242.52,240.903711947602,273
651,240.73,240.53,240.87,240.56,13659,242.52,240.72553503184707,386
652,240.53,240.26,240.72,240.31,62699,242.52,240.51568277484483,1355
653,240.26,240.01,240.37,240.02,16326,242.52,240.2029939605535,403
654,240.01,240.28,240.21,239.83,43342,242.52,239.99695589266753,681
655,240.28,240.03,240.28,240.08,11303,242.52,240.18826230204374,183
656,240.02,240.2714,240.03,239.97,1715,242.52,240.00712979591844,61
657,240.0,239.75,240.01,239.77,10887,242.52,239.85812502066693,185
658,239.75,239.51,239.8438,239.57,31842,242.52,239.70228004836437,647
659,239.54,239.75,239.7,239.54,2352,242.52,239.62597274659865,58
660,239.82,240.0,239.93,239.7817,6119,242.52,239.85709704200033,103
661,240.01,239.75,240.22,239.77,31700,242.52,239.94849862460526,706
662,239.75,239.5,239.8189,239.53,19398,242.52,239.74641505309796,225
663,239.53,239.26,239.55,239.3,11155,242.52,239.48181499775876,167
664,239.26,239.5,239.47,239.2,16240,242.52,239.29405472906396,263
665,239.47,239.75,239.72,239.31,15698,242.52,239.4882482927762,327
666,239.7142,239.99,239.92,239.7142,12102,242.52,239.80576491489006,195
667,239.99,240.25,240.14,239.98,8779,242.52,240.0494078824468,136
668,240.17,240.0019,240.28,240.02,14691,242.52,240.23120452658097,205
669,240.0019,240.27,240.21,240.0,6094,242.52,240.0614140466032,103
670,240.27,240.53,240.5,240.07,20408,242.52,240.2713236573894,246
671,240.53,240.79,240.76,240.43,20879,242.52,240.5869783514536,315
672,240.79,241.05,241.02,240.75,13614,242.52,240.89974731893636,156
673,240.97,240.8,240.97,240.81,1618,242.52,240.8877997527812,21
674,240.81,240.54,240.87,240.56,20721,242.52,240.71424516191297,385
675,240.4266,240.29,240.68,240.3,15778,242.52,240.5130269996194,353
676,240.28,240.54,240.53,240.13,31513,242.52,240.31935290515028,584
677,240.55,240.29,240.57,240.3,11921,242.52,240.44913849509243,161
678,240.28,240.54,240.5,240.27,7211,242.52,240.39768875329358,166
679,240.55,240.8,240.76,240.55,4871,242.52,240.6473765140629,157
680,240.78,240.5033,240.8132,240.67,4854,242.52,240.7591835393489,151
681,240.6509,240.78,240.7,240.59,4116,242.52,240.63588831389717,81
682,240.72,241.04,241.0,240.69,9059,242.52,240.83454341538794,145
683,241.0531,241.29,241.25,241.03,8147,242.52,241.1079800171844,150
684,241.3,241.55,241.49,241.19,35837,242.52,241.33426684990386,662
685,241.528,241.3,241.74,241.31,118813,242.52,241.513175991685,1944
686,241.33,241.05,241.33,241.075,6781,242.52,241.18221088335056,146
687,241.03,240.8,241.15,240.81,25208,242.52,240.95969389876242,515
688,240.85,241.05,241.04,240.62,33168,242.52,240.80428135250867,751
689,241.05,240.8,241.11,240.8169,14643,242.52,240.97048170456858,323
690,240.8153,241.05,241.0143,240.8153,8432,242.52,240.92969144924092,113
691,241.08,240.8,241.23,240.82,32484,242.52,241.05071272934362,735
692,240.8,240.55,240.8,240.58,19766,242.52,240.6881179702521,338
693,240.55,240.3,240.61,240.38,6115,242.52,240.4969346197874,164
694,240.36,240.6934,240.37,240.1005,13911,242.52,240.2419798864208,294
695,240.27,240.7359,240.28,240.23,935,242.52,240.25579144385023,17
696,240.3024,240.6445,240.4675,240.2523,14147,242.52,240.38590193680633,250
697,240.4,240.67,240.54,240.22,23933,242.52,240.36177939247028,376
698,240.67,240.42,240.67,240.45,8459,242.52,240.56664253457853,211
699,240.42,240.67,240.63,240.42,4277,242.52,240.53134063595965,142
700,240.67,240.917,240.89,240.57,71199,242.52,240.7469655795723,1682
701,240.917,241.16,241.12,240.9148,17351,242.52,241.02975594490238,215
702,241.16,241.41,241.4,241.119,47460,242.52,241.2561005815425,424
703,241.41,240.9382,241.58,241.34,41749,242.52,241.45065488275154,679
704,241.3706,241.6399,241.6,241.26,15891,242.52,241.38516631426623,312
705,241.6399,241.89,241.88,241.5,31785,242.52,241.63979204341632,698
706,241.89,241.62,242.1,241.67,73868,242.52,241.88412802702138,1423
707,241.6,241.87,241.84,241.46,54248,242.52,241.69095817910335,980
708,241.83,242.14,242.1,241.7865,27642,242.52,241.91315344041652,420
709,242.12,241.89,242.22,241.93,44887,242.52,242.06138699623511,879
710,241.89,242.1399,242.12,241.87,31263,242.52,241.95579136039407,531
711,242.08,241.8875,242.1281,242.06,3361,242.52,242.09796697411474,62
712,242.12,241.85,242.2,241.9,196387,242.52,242.07656949950893,2360
713,241.85,242.1,242.05,241.85,41819,242.52,241.98441636576658,492
715,242.09,242.13,242.2,242.0,25443,242.52,242.0952075541411,284
