Open,Close,High,Low,Volume,MA5_Close,MA9_Close,MA21_Close,MA30_Close,Close_Prev_Close_Percentage,Open_Prev_Close_Percentage,High_Prev_Close_Percentage,Low_Prev_Close_Percentage,MA5_Close_Prev_Close_Percentage,MA9_Close_Prev_Close_Percentage,MA21_Close_Prev_Close_Percentage,Close_Open_Prev_Close_Percentage,High_Low_Prev_Close_Percentage,Close_Trend_5,Close_Trend_10,Close_Trend_15,Close_Trend_30,Time_Section_Index,Day,rsi_24,rsi_12,tsi,stoch,stoch_sig,roc,ao,aroon_indicator,trix,vortex_diff,psar_up,psar_down,MACD_12_26,MACDsign_12_26,MACDdiff_12_26,bb_bbm_20,bb_bbh_20,bb_bbl_20,bb_bbw_20,bb_bbp_20,accDistIndexIndicator,forceIndexIndicator,mfi
53.77,53.55,53.94,53.44,14622,0.0,0.0,0.0,0.0,-2.01,-1.61,-1.3,-2.21,0.0,0.0,0.0,-0.4,0.91,0.0,0.0,0.0,0.0,0,0,0.0,0.0,0.0,0.0,0.0,0.0,0.0,0.0,0.0,0.0,0.0,0.0,0.0,0.0,0.0,0.0,0.0,0.0,0.0,0.0,-8.188320000000033,0.0,0.0
53.67,53.41,53.67,53.36,9969,0.0,0.0,0.0,0.0,-2.27,-1.79,-1.79,-2.36,0.0,0.0,0.0,-0.48,0.57,0.0,0.0,0.0,0.0,0,0,0.0,0.0,0.0,0.0,0.0,0.0,0.0,0.0,0.0,0.0,0.0,0.0,0.0,0.0,0.0,0.07000000000000028,0.21000000000000085,-0.07000000000000028,0.5235602094240859,0.25,-14.941513548387336,0.0,0.0
53.43,53.52,53.64,53.32,12091,0.0,0.0,0.0,0.0,-2.07,-2.23,-1.85,-2.43,0.0,0.0,0.0,0.16,0.59,0.0,0.0,0.0,0.0,0,0,0.0,0.0,0.0,0.0,0.0,0.0,0.0,0.0,0.0,0.0,0.0,53.94,0.0,0.0,0.0,-0.026666666666670835,0.09370313390178353,-0.1470364672351252,0.4500366422050886,0.6107697551243574,-11.918763548387135,0.0,0.0
53.45,53.33,53.64,53.32,11112,0.0,0.0,0.0,0.0,-2.42,-2.2,-1.85,-2.43,0.0,0.0,0.0,-0.22,0.59,0.0,0.0,0.0,0.0,0,0,0.0,0.0,0.0,0.0,0.0,0.0,0.0,0.0,0.0,0.0,0.0,53.9276,0.0,0.0,0.0,0.12250000000000227,0.2982128339080603,-0.05321283390805576,0.6574541280877715,0.15141988415000876,-22.336263548387272,0.0,0.0
53.48,53.35,53.5,53.19,12400,53.43,0.0,0.0,0.0,-2.38,-2.14,-2.1,-2.67,-2.23,0.0,0.0,-0.24,0.57,0.0,0.0,0.0,0.0,0,0,0.0,0.0,0.0,0.0,0.0,0.0,0.0,0.0,0.0,0.0,0.0,53.915448,0.0,0.0,0.0,0.08199999999999363,0.25926815844928086,-0.0952681584492936,0.6635280672603955,0.2687119877666802,-21.93626354838707,0.0,0.0
53.35,53.53,53.54,53.29,10224,53.43,0.0,0.0,0.0,-2.05,-2.38,-2.03,-2.49,-2.23,0.0,0.0,0.33,0.46,-0.04,0.0,0.0,0.0,0,0,0.0,0.0,0.0,0.0,0.0,0.0,0.0,0.0,0.0,0.0,0.0,53.88643008,0.0,0.0,0.0,-0.08166666666667055,0.09587831980780948,-0.2592116531411506,0.6643611705053979,0.7299886588980342,-12.53018354838691,0.0,0.0
53.37,53.41,53.58,53.32,9290,53.43,0.0,0.0,0.0,-2.27,-2.34,-1.96,-2.43,-2.23,0.0,0.0,0.07,0.48,0.0,0.0,0.0,0.0,0,0,0.0,0.0,0.0,0.0,0.0,0.0,0.0,0.0,0.0,0.0,0.0,53.8585728768,0.0,0.0,0.0,0.03285714285714647,0.1994067616204589,-0.13369247590616595,0.6232811180663923,0.4013592973039448,-15.388645086848664,0.0,0.0
53.43,53.25,53.46,53.19,8638,53.37,0.0,0.0,0.0,-2.56,-2.23,-2.18,-2.67,-2.34,0.0,0.0,-0.33,0.49,-0.49,0.0,0.0,0.0,0,0,0.0,0.0,0.0,0.0,0.0,0.0,0.0,0.0,0.0,0.0,0.0,53.831829961728,0.0,0.0,0.0,0.16875000000000284,0.37010478638463695,-0.03260478638463127,0.7538730740971442,0.08096352455796259,-20.187533975737452,0.0,0.0
53.27,53.27,53.3,53.18,10007,53.36,53.4,0.0,0.0,-2.53,-2.53,-2.47,-2.69,-2.36,-2.29,0.0,0.0,0.22,-0.11,0.0,0.0,0.0,0,0,0.0,0.0,0.0,0.0,0.0,0.0,0.0,0.0,0.0,0.0,0.0,53.806156763258876,0.0,0.0,0.0,0.13222222222221802,0.3438356596820853,-0.07939121523764925,0.7925267101405706,0.18758547706287765,-15.184033975736565,0.0,0.0
53.22,53.21,53.35,53.18,7813,53.33,53.36,0.0,0.0,-2.63,-2.62,-2.38,-2.69,-2.42,-2.36,0.0,-0.02,0.31,-0.26,0.0,0.0,0.0,0,0,0.0,0.0,0.0,0.0,0.0,0.0,0.0,0.0,0.0,0.0,0.0,53.768587357463346,0.0,0.0,0.0,0.17300000000000182,0.40452537657890275,-0.05852537657889911,0.8674123843879172,0.12639084631605038,-20.23950456397178,0.0,0.0
53.34,53.12,53.35,53.06,10917,53.25,53.33,0.0,0.0,-2.8,-2.4,-2.38,-2.91,-2.56,-2.42,0.0,-0.4,0.53,-0.75,-0.79,0.0,0.0,0,0,0.0,0.0,0.0,0.0,0.0,0.0,0.0,0.0,0.0,0.0,0.0,53.73327211601555,0.0,0.0,0.0,0.239090909090919,0.5066664950752866,-0.02848467689344858,1.0029240806978594,0.05322734656201542,-26.639125253627306,0.0,0.0
53.13,53.1,53.19,53.06,7915,53.19,53.29,0.0,0.0,-2.84,-2.78,-2.67,-2.91,-2.67,-2.49,0.0,-0.05,0.24,-0.57,-0.57,0.0,0.0,0,0,0.0,26.95172257244964,0.0,0.0,0.0,0.0,0.0,0.0,0.0,0.0,0.0,53.67941034673431,0.0,0.0,0.0,0.23749999999999716,0.5309990062447696,-0.05599900624477527,1.1005352940980453,0.09539897078573614,-29.68335602285801,0.0,0.0
53.16,53.05,53.17,53.01,6518,53.15,53.25,0.0,0.0,-2.93,-2.73,-2.71,-3.0,-2.74,-2.56,0.0,-0.2,0.29,-0.37,-0.86,0.0,0.0,0,0,0.0,24.951079227599422,0.0,0.0,0.0,-0.9337068160597572,0.0,0.0,0.0,0.0,0.0,53.629857518995564,0.0,0.0,0.0,0.2653846153846189,0.5863078398111696,-0.05553860904193186,1.2038672392281518,0.08652943260989032,-32.94235602285816,0.0,0.0
53.07,53.12,53.17,53.03,5062,53.12,53.23,0.0,0.0,-2.8,-2.89,-2.71,-2.96,-2.8,-2.6,0.0,0.09,0.26,-0.27,-0.38,0.0,0.0,0,0,0.0,32.593034941663504,0.0,11.827956989247255,0.0,-0.5429694813705284,0.0,0.0,0.0,0.0,0.0,53.56787176709601,0.0,0.0,0.0,0.18142857142857594,0.5066412177173163,-0.14378407486016442,1.2202774109625485,0.2210616292155281,-31.496070308572737,-413.390736688517,-27.516552613453
53.12,53.07,53.17,53.0,8491,53.09,53.18,0.0,0.0,-2.89,-2.8,-2.71,-3.02,-2.85,-2.69,0.0,-0.09,0.31,-0.26,-0.51,0.0,0.0,0,0,0.0,30.197044764516832,0.0,10.447761194029866,0.0,-0.8408071748878976,0.0,0.0,0.0,-0.3757763975155254,0.0,53.51208459038641,0.0,0.0,0.0,0.21599999999999397,0.5507277500696119,-0.118727750069624,1.2563440681215252,0.1773497268226649,-32.99448207327866,-414.9849171615826,-28.973790372071065
53.11,53.04,53.14,53.0,5406,53.08,53.14,0.0,0.0,-2.95,-2.82,-2.76,-3.02,-2.87,-2.76,0.0,-0.13,0.26,-0.15,-0.9,-0.93,0.0,1,0,0.0,28.81075297497523,0.0,6.2499999999998614,9.508572727758994,-0.5437839864991546,0.0,0.0,0.0,-0.2918032786885243,0.0,53.45063443954004,0.0,0.0,0.0,0.2306250000000034,0.5759124708123693,-0.11466247081236247,1.2963522422061535,0.16603914202648795,-35.31133921613588,-378.86992899564314,-28.20170693845192
53.06,52.97,53.09,52.96,8696,53.05,53.11,0.0,0.0,-3.07,-2.91,-2.85,-3.09,-2.93,-2.82,0.0,-0.16,0.24,-0.24,-0.81,-0.81,0.0,1,0,0.0,25.79627228112173,0.0,1.4705882352938258,6.056116476441184,-0.7122774133083459,0.0,0.0,0.0,-0.31818181818181634,0.0,53.396558306795235,0.0,0.0,0.0,0.2829411764705867,0.6465676626528918,-0.08068530971171839,1.3656578515628381,0.11094531446104093,-42.669493062290016,-411.70565342483735,-37.498076492772114
53.05,52.86,53.06,52.81,12104,53.01,53.06,0.0,0.0,-3.28,-2.93,-2.91,-3.37,-3.0,-2.91,0.0,-0.35,0.46,-0.35,-0.71,-1.21,0.0,1,0,0.0,21.87299228592586,0.0,6.493506493506158,4.738031576266615,-1.2516345974220096,0.0,0.0,0.0,-0.3906810035842271,0.0,53.335440143843904,0.0,0.0,0.0,0.3711111111111123,0.7677015177238857,-0.02547929550166117,1.4900699922831098,0.032122934741761006,-49.93189306229029,-543.0962743641453,-37.586979228625296
52.9,52.86,52.93,52.8,7648,52.96,53.02,0.0,0.0,-3.28,-3.2,-3.15,-3.39,-3.09,-2.98,0.0,-0.07,0.24,-0.48,-0.75,-0.86,0.0,1,0,0.0,21.87299228592586,0.0,7.692307692307972,5.2188008070359855,-1.0297697060475512,0.0,0.0,0.0,-0.36781609195402243,0.0,53.25136972082888,0.0,0.0,0.0,0.35157894736842366,0.7716673169136357,-0.06850942217678835,1.5789359303196828,0.08154167925543464,-50.52020075459786,-465.51109231212456,-37.081109665531926
52.83,52.79,52.88,52.74,10433,52.9,52.98,0.0,0.0,-3.4,-3.33,-3.24,-3.49,-3.2,-3.06,0.0,-0.07,0.26,-0.51,-0.77,-1.02,0.0,1,0,0.0,19.613877552912555,0.0,5.95238095238064,6.712731712731589,-0.8638497652582176,0.0,0.0,0.0,-0.483999999999996,0.0,53.17012317107968,0.0,0.0,0.0,0.40050000000000097,0.8492972816317064,-0.048297281631704436,1.6875091666057112,0.053807457852806724,-53.50105789745545,-503.33950769610726,-45.743433134164746
52.81,52.8,52.83,52.69,9651,52.86,52.95,53.17,0.0,-3.39,-3.37,-3.33,-3.59,-3.28,-3.11,-2.71,-0.02,0.26,-0.44,-0.59,-1.34,0.0,1,0,0.0,20.887283593341834,0.0,14.285714285714153,9.310134310134254,-0.8822977285526674,0.0,0.0,0.0,-0.5798319327731078,0.0,53.08409853686374,0.0,0.0,0.0,0.35300000000000153,0.8007097273904265,-0.09470972739042338,1.6846075570162549,0.10577135317391913,-47.98620075459845,-417.6467208823804,-45.75210225466047
52.75,52.87,52.91,52.73,9134,52.84,52.93,53.14,0.0,-3.26,-3.48,-3.18,-3.51,-3.31,-3.15,-2.76,0.22,0.33,-0.18,-0.42,-0.99,0.0,1,0,0.0,29.42467711107463,0.0,27.272727272727078,15.836940836940625,-0.638977635782754,0.0,0.0,0.0,-0.44104803493449873,0.0,53.00527882949099,0.0,0.0,0.0,0.2560000000000002,0.703589097275632,-0.19158909727563156,1.6850095895630457,0.21402341840070363,-42.911756310153926,-266.64290361346855,-38.16757517346103
52.88,52.8,52.96,52.79,10838,52.82,52.9,53.11,0.0,-3.39,-3.24,-3.09,-3.4,-3.35,-3.2,-2.82,-0.15,0.31,-0.11,-0.46,-0.82,0.0,1,0,0.0,26.325514066263395,0.0,16.666666666666487,19.40836940836924,-0.6024096385542175,0.0,0.0,0.0,-0.3119658119658092,52.69,0.0,0.0,0.0,0.0,0.28999999999999915,0.7205345514590107,-0.1405345514590124,1.6219045072857847,0.16320937655614823,-52.474697486624784,-336.9310602401163,-29.2784527894341
52.9,52.77,52.91,52.75,6002,52.81,52.86,53.07,0.0,-3.44,-3.2,-3.18,-3.48,-3.37,-3.28,-2.89,-0.24,0.29,-0.16,-0.64,-0.91,0.0,1,0,2.619871682620193,25.090006882384657,0.0,12.12121212121287,18.686868686868813,-0.621468926553669,0.0,0.0,0.0,-0.37339055793991516,52.6954,0.0,0.0,0.0,0.0,0.2919999999999945,0.7292459262246069,-0.14524592622461796,1.6480567118639045,0.16609180041851937,-56.976197486624514,-314.5209087772375,-28.95222278862927
52.8,52.65,52.81,52.58,11168,52.78,52.82,53.04,0.0,-3.66,-3.39,-3.37,-3.79,-3.42,-3.35,-2.95,-0.27,0.42,-0.26,-0.77,-1.02,0.0,1,0,2.3331724432262604,20.825144759501768,0.0,11.475409836065632,13.421096207981662,-0.7540056550424102,0.0,-96.0,0.0,-0.4493392070484574,0.0,52.96,0.0,0.0,0.0,0.37700000000000244,0.8282693209160357,-0.07426932091603078,1.7020360228413194,0.08228935302456548,-61.346284443146345,-461.0407789519251,-28.978286671373297
52.72,52.63,52.72,52.58,10238,52.74,52.78,53.01,0.0,-3.7,-3.53,-3.53,-3.79,-3.49,-3.42,-3.0,-0.16,0.26,-0.31,-0.75,-0.9,0.0,1,0,2.289597402758919,20.200820047454897,0.0,8.474576271187114,10.69039940948854,-0.9224397590361351,0.0,-80.0,0.0,-0.4166666666666651,0.0,52.9524,-0.12,-0.02,-0.1,0.35200000000000387,0.7720761835667673,-0.0680761835667596,1.5857316959222507,0.0810283779822287,-64.27142730028861,-424.4292391016443,-29.366577817974942
52.67,52.62,52.69,52.57,6862,52.69,52.75,52.96,0.0,-3.71,-3.62,-3.59,-3.81,-3.59,-3.48,-3.09,-0.09,0.22,-0.46,-0.64,-0.88,0.0,1,0,2.2675024974430174,19.875803291122963,0.0,8.33333333333284,9.427773146861862,-0.8479366873940133,0.0,-84.0,0.0,-0.4107142857142849,0.0,52.944952,-0.12,-0.04,-0.08,0.322499999999998,0.7222436678673176,-0.07724366786732162,1.5101049926517247,0.09661649961764979,-65.41509396695548,-373.59934780141447,-29.41523586996024
52.62,52.62,52.7,52.57,8027,52.66,52.73,52.93,0.0,-3.71,-3.71,-3.57,-3.81,-3.64,-3.51,-3.15,0.0,0.24,-0.33,-0.44,-0.79,0.0,1,0,2.2675024974430174,19.875803291122963,0.0,8.33333333333284,8.380414312617598,-0.7918552036199128,0.0,-84.0,0.0,-0.4170403587443924,0.0,52.92995392,-0.12,-0.06,-0.06,0.2910000000000039,0.6881347378409757,-0.10613473784096783,1.5011424385892225,0.133625603262473,-67.26747858234057,-320.2280124012124,-27.562862642718414
52.68,52.57,52.69,52.56,7815,52.62,52.7,52.89,0.0,-3.81,-3.6,-3.59,-3.82,-3.71,-3.57,-3.22,-0.2,0.24,-0.37,-0.53,-1.01,0.0,1,0,2.1543198075155656,18.139194936535944,0.0,1.7241379310341447,6.130268199233274,-0.7551444213705845,0.0,-92.0,0.0,-0.4200913242009131,0.0,52.915555763200004,-0.13,-0.07,-0.06,0.3059999999999974,0.693680280643747,-0.08168028064375221,1.4663752199249172,0.10534489980780135,-73.88017089003307,-330.3025820581789,-27.427216271718564
52.63,52.58,52.64,52.5,7209,52.6,52.68,52.86,53.02,-3.79,-3.7,-3.68,-3.93,-3.75,-3.6,-3.28,-0.09,0.26,-0.13,-0.38,-0.9,0.0,1,0,2.2352062183130443,19.670531478872718,0.0,13.559322033897939,7.8722644327549745,-0.5297010972379893,0.0,-92.0,0.0,-0.456621004566209,0.0,52.894222417408,-0.13,-0.08,-0.05,0.2644999999999982,0.6407166928779446,-0.11171669287794828,1.4238631943833189,0.1484738649199064,-72.85031374717614,-272.8179274784411,-27.74054721793145
52.54,52.75,52.77,52.5,10561,52.63,52.67,52.84,53.0,-3.48,-3.86,-3.44,-3.93,-3.7,-3.62,-3.31,0.38,0.49,0.22,-0.09,-0.53,-1.46,2,0,3.435713545668956,40.36072215855465,0.0,44.64285714285696,19.975439035929682,-0.20809685962920815,0.0,-88.0,0.0,-0.33476394849785385,0.0,52.862684624015365,-0.12,-0.09,-0.03,0.07600000000000051,0.43205617534318463,-0.2800561753431836,1.348033829338523,0.3932752676923128,-63.85390633976896,22.637490732767304,-19.79556096965443
52.65,52.58,52.77,52.55,9635,52.62,52.64,52.81,52.97,-3.79,-3.66,-3.44,-3.84,-3.71,-3.68,-3.37,-0.13,0.4,-0.07,-0.53,-0.71,-1.52,2,0,2.9584270379012,31.507647312154674,0.0,17.391304347825685,25.197827841526863,-0.3978026141314659,0.0,-80.0,0.0,-0.23913043478260942,0.0,52.83366985409413,-0.12,-0.1,-0.02,0.21999999999999886,0.5680804504708874,-0.12808045047088967,1.3184865548139717,0.18398110307203477,-70.86117906704166,-214.58929365763035,-19.18563902610572
52.61,52.66,52.7,52.55,5680,52.63,52.63,52.79,52.94,-3.64,-3.73,-3.57,-3.84,-3.7,-3.7,-3.4,0.09,0.27,0.07,-0.26,-0.37,-1.57,2,0,3.4081005012169756,38.439753177618975,0.0,34.78260869565137,32.272256728778004,-0.26515151515151625,0.0,-80.0,0.0,-0.20689655172413535,0.0,52.8069762657666,-0.11,-0.1,-0.01,0.12049999999999983,0.4537551574995007,-0.21275515749950102,1.2627965157567695,0.31920759920995323,-68.21051240037536,-119.01939456368454,-14.083532319883687
52.64,52.67,52.71,52.61,4634,52.65,52.63,52.78,52.92,-3.62,-3.68,-3.55,-3.73,-3.66,-3.7,-3.42,0.05,0.18,0.18,-0.18,-0.35,-1.21,2,0,3.4625544127460346,39.2778016946196,0.0,36.956521739130736,29.710144927535925,-0.37828636277661387,-0.37544117647058783,-76.0,0.0,-0.13157894736842213,0.0,52.78241816450527,-0.1,-0.1,0.0,0.08799999999999386,0.3853617325750136,-0.20936173257502588,1.1272668887183737,0.3520320701020384,-67.28371240037522,-95.39662391172622,-8.359706635420828
52.66,52.66,52.71,52.57,6807,52.66,52.63,52.75,52.9,-3.64,-3.64,-3.55,-3.81,-3.64,-3.7,-3.48,0.0,0.26,0.15,0.02,-0.24,-1.26,2,0,3.4329626397469584,38.703020917777074,0.0,34.78260869565137,35.50724637681116,-0.26515151515151625,-0.33055882352940813,-72.0,0.0,-0.10526315789473395,0.0,52.75982471134485,-0.1,-0.1,0.0,0.07750000000000057,0.3405494250136627,-0.18554942501366156,0.9975801849297451,0.35268928073882805,-65.33885525751847,-91.49282049577032,-7.318728649795169
52.66,52.61,52.73,52.55,7041,52.64,52.63,52.73,52.87,-3.73,-3.64,-3.51,-3.84,-3.68,-3.7,-3.51,-0.09,0.33,-0.26,-0.04,-0.35,-1.68,2,0,3.2864242495085136,35.84209255008639,0.0,23.9130434782607,31.88405797101427,-0.30320257722191335,-0.3038235294117584,-60.0,0.0,-0.15789473684210398,0.0,52.73903873443726,-0.09,-0.1,0.01,0.10599999999999454,0.3346831869640141,-0.12268318696402503,0.8676044728887609,0.26823831824446215,-67.6858552575183,-128.7152747106574,-14.6555644194285
52.61,52.6,52.64,52.53,5161,52.64,52.63,52.71,52.84,-3.75,-3.73,-3.68,-3.88,-3.68,-3.7,-3.55,-0.02,0.2,0.04,-0.04,-0.49,-1.48,2,0,3.257406236956625,35.27320607149966,0.0,24.390243902439575,27.695298692117216,-0.09496676163342291,-0.292500000000004,-60.0,0.0,-0.2612612612612588,0.0,52.73,-0.09,-0.1,0.01,0.0975000000000037,0.2992795827134742,-0.10427958271346682,0.7658032457458911,0.2583997382469194,-66.27830980297279,-117.70023546627633,-22.945197807255497
52.58,52.61,52.69,52.55,4789,52.63,52.64,52.69,52.82,-3.73,-3.79,-3.59,-3.84,-3.7,-3.68,-3.59,0.05,0.26,-0.09,-0.02,-0.35,-1.17,2,0,3.3189623744511705,36.37487091883563,-47.42411983074064,35.483870967741495,27.929052782813923,-0.038001140034206966,-0.2682058823529445,-60.0,0.0,-0.19090909090909025,0.0,52.73,-0.09,-0.1,0.01,0.07500000000000284,0.26563053270665904,-0.11563053270665336,0.7236615078548209,0.3032843980050839,-66.9624526601155,-94.04448754252392,-18.096736005707868
52.64,52.69,52.72,52.6,3709,52.63,52.65,52.69,52.8,-3.59,-3.68,-3.53,-3.75,-3.7,-3.66,-3.59,0.09,0.22,0.04,0.22,-0.15,-1.06,2,0,3.792074678923009,44.603479941814605,-44.28492459420533,70.37037037036872,43.414828413516595,0.13302926643861704,-0.2480588235294121,-56.0,0.0,-0.03349282296650724,52.5,0.0,-0.08,-0.09,0.01,-0.013500000000000512,0.1595057802503277,-0.1865057802503287,0.6568613338028465,0.5390160374424106,-65.10795266011561,-38.22098932216428,-11.889278033246484
52.64,52.75,52.77,52.64,4947,52.65,52.65,52.68,52.78,-3.48,-3.68,-3.44,-3.68,-3.66,-3.66,-3.6,0.2,0.24,0.16,0.31,0.18,-0.84,2,0,4.118051138794279,49.90435478048372,-40.23509128004441,92.59259259259152,66.14894464356723,0.24705435195743553,-0.21417647058822809,-52.00000000000001,0.0,0.052884615384618305,52.5044,0.0,-0.07,-0.09,0.02,-0.07549999999999812,0.09307935816708124,-0.2440793581670775,0.640079576140559,0.7239301442978858,-61.683106506269674,9.642009152432223,-4.385867874679072
52.73,52.64,52.77,52.6,7261,52.66,52.65,52.67,52.77,-3.68,-3.51,-3.44,-3.75,-3.64,-3.66,-3.62,-0.16,0.31,0.05,-0.2,0.02,-0.88,2,0,3.7421404467202537,41.88787981361087,-38.10485609386609,51.851851851851464,71.6049382716039,0.13315579227696459,-0.1826764705882411,-48.0,0.0,0.051643192488265544,52.515024,0.0,-0.06,-0.08,0.02,0.026499999999998636,0.18540563237350938,-0.1324056323735121,0.6034410199026354,0.41661717837128054,-65.52716532979919,-105.83684929791464,-4.583866359813953
52.64,52.64,52.67,52.59,6735,52.67,52.65,52.67,52.75,-3.68,-3.68,-3.62,-3.77,-3.62,-3.66,-3.62,0.0,0.15,0.07,0.11,0.04,-0.84,2,0,3.7421404467202537,41.88787981361087,-36.38929178746573,51.851851851851464,65.43209876543148,0.11411182959300548,-0.1532352941176427,-28.0,0.0,-0.00480769230769118,52.52522304,0.0,-0.06,-0.08,0.02,0.014999999999993463,0.1437633488226524,-0.11376334882266548,0.4890830835539225,0.44175361181133765,-63.84341532979949,-90.71729939821256,-12.671278469651462
52.6,52.57,52.67,52.55,6254,52.66,52.64,52.65,52.74,-3.81,-3.75,-3.62,-3.84,-3.64,-3.68,-3.66,-0.05,0.22,-0.07,-0.16,-0.09,-0.88,2,0,3.519527956125965,37.34473244262563,-35.784966895975295,25.925925925925732,43.20987654320955,-0.34123222748815113,-0.136705882352949,-28.0,0.0,-0.014492753623188914,52.5350141184,0.0,-0.06,-0.07,0.01,0.07349999999999568,0.1887865993948381,-0.041786599394846746,0.4379898729941681,0.18122921317044308,-68.01274866313257,-140.29768519846817,-12.026766780632812
52.62,52.56,52.62,52.52,5697,52.63,52.63,52.64,52.72,-3.82,-3.71,-3.71,-3.9,-3.7,-3.7,-3.68,-0.11,0.18,-0.24,-0.2,-0.02,-1.02,2,0,3.4885918977178165,36.72399367348616,-35.40893055407852,22.222222222222808,33.333333333333336,-0.038037276530992814,-0.13426470588234451,-88.0,-0.023477188672364625,0.0,0.0,52.77,-0.07,-0.07,0.0,0.0730000000000004,0.17809043724348328,-0.032090437243482484,0.3993328795374874,0.1526801014688544,-69.15214866313241,-128.39373017011397,-11.381508729969362
52.57,52.65,52.66,52.52,5780,52.61,52.63,52.63,52.7,-3.66,-3.81,-3.64,-3.9,-3.73,-3.7,-3.7,0.15,0.26,-0.18,-0.02,0.13,-0.77,2,0,3.985109025762294,45.601614628260386,-32.8957919246063,51.99999999999818,33.38271604938224,-0.01898974553740602,-0.13917647058823235,-88.0,-0.022801837427803864,-0.04736842105263328,0.0,52.765,-0.06,-0.07,0.01,-0.016999999999995907,0.08809043724348697,-0.12209043724347879,0.3993328795374874,0.5808827160962743,-64.19786294884656,-35.73748300295789,-14.877459600957494
52.6,52.63,52.7,52.6,4445,52.61,52.64,52.63,52.69,-3.7,-3.75,-3.57,-3.75,-3.73,-3.68,-3.7,0.05,0.18,-0.02,0.04,-0.22,-0.75,3,0,3.9158688206443464,44.10162526581621,-31.10770612996009,43.99999999999977,39.407407407406915,-0.07594456047085466,-0.13220588235294173,-88.0,-0.02200771886363586,-0.011235955056177582,0.0,52.7601,-0.06,-0.07,0.01,0.0029999999999930083,0.10809043724347589,-0.10209043724348987,0.3993328795374874,0.485726579512452,-65.97586294884651,-43.33212828824709,-6.93683703994499
52.69,52.63,52.7,52.61,2530,52.61,52.64,52.63,52.68,-3.7,-3.59,-3.57,-3.73,-3.73,-3.68,-3.7,-0.11,0.16,-0.02,0.05,0.09,-0.62,3,0,3.9158688206443464,44.10162526581621,-29.63956617723958,43.99999999999977,46.66666666666591,-0.05696923661221807,-0.11441176470587067,-84.0,-0.021125159610799884,0.03488372093023395,0.0,52.755298,-0.05,-0.06,0.01,0.003500000000002501,0.10843331215599505,-0.10143331215599005,0.3987320324735864,0.483322741233978,-67.38141850440192,-37.14182424706894,-9.303006302160519
52.64,52.64,52.67,52.58,4358,52.62,52.63,52.63,52.67,-3.68,-3.68,-3.62,-3.79,-3.71,-3.7,-3.7,0.0,0.16,0.13,0.05,-0.04,-0.4,3,0,3.972880619959475,45.17471486174381,-28.167450774088493,47.99999999999898,45.33333333333284,0.05702337958563228,-0.09744117647058204,-80.0,-0.020142992056338203,-0.04093567251462005,0.0,52.75059204,-0.05,-0.06,0.01,-0.00549999999999784,0.09928072341813277,-0.11028072341812845,0.3981446519607124,0.5262452854903946,-65.92875183773525,-25.610135068917476,-15.292925609857974
52.6,52.61,52.65,52.56,5685,52.63,52.62,52.63,52.66,-3.73,-3.75,-3.66,-3.82,-3.7,-3.71,-3.7,0.02,0.16,0.09,-0.15,-0.11,-0.46,3,0,3.8596614286054303,42.504295655747974,-27.36457065372876,35.99999999999852,42.666666666665755,0.01901140684410268,-0.07632352941176634,-52.0,-0.019207949657256425,-0.04216867469879537,0.0,52.7459801992,-0.05,-0.06,0.01,0.026499999999998636,0.12774722218424728,-0.07474722218425,0.38470347452527676,0.36913221208294383,-65.29708517106869,-46.31583005907305,-14.767271947784351
52.6,52.64,52.65,52.56,3516,52.63,52.62,52.64,52.66,-3.68,-3.75,-3.66,-3.82,-3.7,-3.71,-3.68,0.07,0.16,-0.02,-0.2,-0.04,-0.27,3,0,4.036983957697482,45.987408906854384,-25.912582490411605,47.99999999999898,43.99999999999883,0.05702337958563228,-0.059647058823529164,-52.0,-0.0181961168829588,-0.04458598726114227,0.0,52.741460595216,-0.04,-0.06,0.02,-0.0005000000000023874,0.09737236586506981,-0.09837236586507458,0.371859025503936,0.5025543471621586,-62.5624185044019,-24.630711479204905,-8.05393784731681
52.62,52.62,52.67,52.6,2979,52.63,52.62,52.64,52.65,-3.71,-3.71,-3.62,-3.75,-3.7,-3.71,-3.68,0.0,0.13,-0.02,-0.04,0.02,-0.33,3,0,3.9574811259904266,44.04677500222631,-25.007890998102276,39.999999999997726,41.333333333331744,-0.1328525336876073,-0.05117647058823849,-52.0,-0.01721478671092312,0.0653594771241841,0.0,52.737031383311674,-0.04,-0.05,0.01,0.012999999999998124,0.09692854103358428,-0.07092854103358803,0.31891984509181,0.42255316344176747,-63.83913279011653,-29.623466982176964,-2.386715047331755
52.63,52.68,52.68,52.6,2872,52.64,52.63,52.64,52.64,-3.6,-3.7,-3.6,-3.75,-3.68,-3.7,-3.68,0.09,0.15,0.09,0.07,0.15,-0.35,3,0,4.308367942415167,50.83657003475458,-22.640228199948318,63.999999999998636,50.666666666665115,-0.1327014218009484,-0.04550000000000409,-52.0,-0.01604024380588122,0.027210884353745968,0.0,52.73269075564544,-0.03,-0.05,0.02,-0.04200000000000159,0.040607505712408454,-0.12460750571241164,0.31387022953915444,0.7542141881527115,-60.96713279011653,-0.7744002704364661,-3.88876786913044
52.67,52.64,52.68,52.63,1643,52.64,52.64,52.64,52.64,-3.68,-3.62,-3.6,-3.7,-3.68,-3.68,-3.68,-0.05,0.09,0.0,0.13,0.05,-0.29,3,0,4.141083641919755,46.7139314646574,-21.36455948100125,47.99999999999898,50.666666666665115,0.0,-0.03332352941176708,-52.0,-0.014903436292571542,-0.007142857142855563,0.0,52.72843694053253,-0.03,-0.04,0.01,-0.0030000000000001137,0.07900000000015694,-0.08500000000015717,0.3115679085060207,0.518292682926795,-61.95293279011662,-10.052343088945342,-8.151498490443082
52.65,52.68,52.69,52.63,1855,52.65,52.64,52.64,52.64,-3.6,-3.66,-3.59,-3.7,-3.66,-3.68,-3.68,0.05,0.11,0.13,0.22,-0.02,-0.16,3,0,4.3692199291712805,51.044904540423914,-19.228676929857073,63.999999999998636,58.666666666665414,0.07598784194528714,-0.017911764705885957,-52.0,-0.013663453127867736,-0.06766917293233432,0.0,52.724268201721884,-0.02,-0.04,0.02,-0.042499999999996874,0.040415619759045285,-0.12541561975903903,0.3150439126441877,0.7562846428905945,-60.716266123449884,1.9837059237609083,-11.076947386711119
52.67,52.67,52.68,52.63,1778,52.66,52.65,52.64,52.64,-3.62,-3.62,-3.6,-3.7,-3.64,-3.66,-3.68,0.0,0.09,0.05,0.04,-0.15,0.04,3,0,4.325284470795812,49.93794676176527,-17.65009605188663,83.33333333333267,65.1111111111101,0.19022256039566562,-0.004823529411766003,-52.00000000000001,-0.012417909206943958,-0.049586776859506854,0.0,52.720182837687446,-0.02,-0.04,0.02,-0.03200000000000358,0.05157032966325659,-0.11557032966326375,0.3175285142416512,0.6914555089643954,-59.64946612344978,-0.8396806367758589,-7.270793449703014
52.66,52.78,52.78,52.66,5070,52.69,52.66,52.64,52.64,-3.42,-3.64,-3.42,-3.64,-3.59,-3.64,-3.68,0.22,0.22,0.29,0.27,0.26,0.27,3,0,4.9124930137756815,60.27551108550482,-13.383441123919178,100.0,82.44444444444377,0.41856925418569035,0.015117647058829675,48.0,-0.010790263822098628,0.1439999999999957,52.52,0.0,-0.01,-0.03,0.02,-0.13349999999999795,-0.03068463149885048,-0.23631536850114543,0.3905876687002839,1.149222008081934,-54.57946612344978,78.95170231133456,3.356176003589148
52.75,52.84,52.85,52.72,6233,52.72,52.68,52.66,52.65,-3.31,-3.48,-3.29,-3.53,-3.53,-3.6,-3.64,0.16,0.24,0.29,0.38,0.37,0.4,3,0,5.195463867208843,64.62245810647349,-8.418035641442472,96.96969696969755,93.43434343434342,0.36087369420703674,0.04676470588236015,52.0,-0.008732965831492199,0.27777777777778245,52.525200000000005,0.0,0.0,-0.02,0.02,-0.18149999999999977,-0.05092052228613397,-0.31207947771386557,0.49594833773793706,1.1949790395000441,-49.305389200372645,121.09860198114593,14.834327974491174
52.79,52.88,52.88,52.78,6455,52.77,52.71,52.67,52.66,-3.24,-3.4,-3.24,-3.42,-3.44,-3.55,-3.62,0.16,0.18,0.44,0.44,0.57,0.48,3,0,5.374439218992724,67.23038086584125,-3.4716336692522844,100.0,98.98989898989919,0.47501425042751283,0.08176470588234963,56.0,-0.006310751776222556,0.4126984126984182,52.538192,0.0,0.02,-0.02,0.04,-0.2079999999999984,-0.04780012484390994,-0.3681998751560869,0.6082923570629118,1.149189020270261,-42.850389200372646,140.6845159838386,25.635551279525913
52.8,52.82,52.89,52.8,3646,52.8,52.73,52.68,52.67,-3.35,-3.39,-3.22,-3.39,-3.39,-3.51,-3.6,0.04,0.16,0.26,0.38,0.48,0.46,3,0,5.0783393959102305,59.99350495981384,-0.8886504114335552,78.7878787878786,91.91919191919204,0.36101083032490544,0.11435294117647032,56.0,-0.003958104527366142,0.4214876033057833,52.55870048,0.0,0.03,-0.01,0.04,-0.14150000000000063,0.0311586227213283,-0.31415862272132955,0.6555183717126681,0.9097681244347167,-44.87594475592801,89.33529941471762,17.776590460699964
52.86,52.91,52.91,52.8,4360,52.85,52.77,52.69,52.68,-3.18,-3.28,-3.18,-3.39,-3.29,-3.44,-3.59,0.09,0.2,0.44,0.49,0.48,0.6,3,0,5.46906137024906,65.98500756773495,3.208639745365891,100.0,92.92929292929286,0.5129179331306916,0.14832352941176197,64.0,-0.001411868233251749,0.3360655737704835,52.5852044416,0.0,0.04,0.0,0.04,-0.22349999999999426,-0.025381348682088856,-0.42161865131789966,0.7520660940389109,1.064055929396979,-40.51594475592801,132.63025664118425,17.73653854186196
52.88,52.89,52.94,52.86,5123,52.87,52.79,52.7,52.68,-3.22,-3.24,-3.13,-3.28,-3.26,-3.4,-3.57,0.02,0.15,0.2,0.49,0.48,0.26,4,0,5.370202033646427,63.67327041857289,5.940311572731445,86.84210526315849,88.54332801701236,0.5322182094658832,0.1763823529411752,64.0,0.00108321698125257,0.4049586776859483,52.61768399744,0.0,0.04,0.01,0.03,-0.1910000000000025,0.02458293067871864,-0.40658293067872364,0.8181670645694269,0.9429849789096845,-41.79669475592778,99.04593426387513,19.25328951431071
52.91,52.93,52.96,52.86,3966,52.89,52.82,52.71,52.69,-3.15,-3.18,-3.09,-3.28,-3.22,-3.35,-3.55,0.04,0.18,0.16,0.46,0.55,0.64,4,0,5.538507590403807,66.25284949799892,8.958168613254873,92.49999999999969,93.1140350877194,0.5509118541033418,0.1932941176470564,72.0,0.0035828364063376617,0.46721311475410177,52.6563619177472,0.0,0.05,0.02,0.03,-0.21650000000000347,0.019319846493090154,-0.4523198464930971,0.8947227806656497,0.9590368521131746,-40.21029475592784,107.55937222617821,26.92501365997525
52.94,52.92,52.95,52.9,2265,52.89,52.85,52.72,52.7,-3.17,-3.13,-3.11,-3.2,-3.22,-3.29,-3.53,-0.04,0.09,0.07,0.51,0.51,0.48,4,0,5.486477636316726,64.99414054898952,11.117887365967771,90.00000000000018,89.78070175438613,0.5701254275940789,0.20347058823529096,72.0,0.005933835989700545,0.5423728813559329,52.69887124926259,0.0,0.06,0.03,0.03,-0.18900000000000716,0.05347886505843036,-0.4314788650584447,0.9196824071549471,0.8897246878701327,-40.66329475592771,88.95803333672484,36.357070085356526
52.94,52.93,52.95,52.88,2750,52.92,52.88,52.74,52.71,-3.15,-3.13,-3.11,-3.24,-3.17,-3.24,-3.49,-0.02,0.13,0.2,0.46,0.59,0.48,4,0,5.530292673027527,65.70493006243251,13.078454803271116,91.66666666666634,91.38888888888874,0.4745634016704632,0.20732352941175947,72.0,0.008109506695401694,0.534482758620692,52.73542927436583,0.0,0.06,0.03,0.03,-0.1805000000000021,0.06342416854429445,-0.42442416854429865,0.9248397370374944,0.8699920370277359,-39.48472332735652,80.17831428862051,30.752901363020783
52.93,52.94,52.95,52.9,1535,52.92,52.9,52.76,52.72,-3.13,-3.15,-3.11,-3.2,-3.17,-3.2,-3.46,0.02,0.09,0.05,0.49,0.55,0.51,4,0,5.575114854476075,66.44812982236887,14.89742210181673,94.44444444444356,92.03703703703668,0.5699088145896603,0.21279411764705713,84.0,0.01009521950779679,0.5087719298245564,52.76686917595461,0.0,0.06,0.04,0.02,-0.17600000000000193,0.07685569006851978,-0.42885569006852364,0.9584401867505183,0.8480245984425098,-38.56372332735678,70.91712653310287,30.197430018463706
52.92,52.93,52.97,52.9,2913,52.93,52.91,52.77,52.73,-3.15,-3.17,-3.07,-3.2,-3.15,-3.18,-3.44,0.02,0.13,0.07,0.27,0.57,0.59,4,0,5.517381035513947,64.9135213291438,16.12503837471262,88.23529411764719,91.44880174291903,0.4745634016704632,0.21170588235295185,84.0,0.011811335504294638,0.5221238938053021,52.793907491320965,0.0,0.07,0.04,0.03,-0.15100000000000335,0.10386466997217525,-0.40586466997218196,0.9657805944492264,0.7962356454044547,-38.979866184499556,56.62467988551758,30.219908499071437
52.92,52.89,52.93,52.89,1213,52.92,52.91,52.78,52.74,-3.22,-3.17,-3.15,-3.22,-3.17,-3.18,-3.42,-0.05,0.07,-0.07,0.09,0.38,0.53,4,0,5.288781426526086,58.97061301870147,15.977581659195069,76.47058823529436,86.38344226579504,0.41769508258970733,0.2033235294117688,84.0,0.013101618044436148,0.45535714285713635,52.82208229270961,0.0,0.06,0.05,0.01,-0.09800000000000608,0.15160769218921644,-0.3476076921892286,0.9456269593469562,0.6963080527296296,-40.19286618449956,41.6040113304438,30.90947018902139
52.89,52.83,52.92,52.81,4076,52.9,52.91,52.79,52.75,-3.33,-3.22,-3.17,-3.37,-3.2,-3.18,-3.4,-0.11,0.2,-0.16,-0.09,0.35,0.4,4,0,4.9666864762864495,51.287223209858304,14.0831567947114,58.82352941176409,74.50980392156855,0.09473285335353762,0.18529411764706083,84.0,0.013803204198117956,0.35042735042734885,0.0,52.97,0.05,0.05,0.0,-0.02850000000000108,0.21152291557272207,-0.26852291557272423,0.909151882324264,0.5593693313240461,-42.78668436631803,0.7234382832362201,23.80444376149096
52.81,52.85,52.88,52.81,1941,52.89,52.9,52.8,52.75,-3.29,-3.37,-3.24,-3.37,-3.22,-3.2,-3.39,0.07,0.13,-0.15,0.05,0.31,0.29,4,0,5.071096163133607,53.49077679981772,12.982278969596495,61.29032258064627,65.52814674256824,0.01892505677516656,0.16526470588234332,64.0,0.014127417074116716,0.31932773109243395,0.0,52.9668,0.05,0.05,0.0,-0.03650000000000375,0.1874888390077274,-0.2604888390077349,0.8482256961107715,0.5814772739608333,-42.50939865203237,6.16580424277477,23.562123526315816
52.84,52.8,52.85,52.77,1846,52.86,52.89,52.81,52.75,-3.39,-3.31,-3.29,-3.44,-3.28,-3.22,-3.37,-0.07,0.15,-0.26,-0.2,0.24,0.09,4,0,4.810766018958468,47.61635114074353,10.603537754918438,31.999999999999318,50.704617330803224,-0.1512859304084822,0.13726470588235173,64.0,0.013972132495674758,0.15652173913043887,0.0,52.963664,0.04,0.05,-0.01,0.021500000000003183,0.23109723280624195,-0.18809723280623558,0.7936057582849361,0.44871115493237745,-42.970898652032616,-7.900739220479892,17.98817960117475
52.79,52.79,52.82,52.77,688,52.83,52.88,52.82,52.76,-3.4,-3.4,-3.35,-3.44,-3.33,-3.24,-3.35,0.0,0.09,-0.26,-0.18,0.02,0.27,4,0,4.759771660435499,46.502113674911094,8.369193464041814,9.999999999998224,34.430107526881265,-0.05679666792881699,0.10308823529411626,64.0,0.01343809332795554,0.018691588785049618,0.0,52.95591744,0.03,0.04,-0.01,0.03999999999999915,0.22899735447892056,-0.14899735447892226,0.7154925401435601,0.394178412945827,-43.108498652032694,-7.754919331839712,12.238656584219875
52.78,52.81,52.85,52.78,2433,52.82,52.86,52.83,52.77,-3.37,-3.42,-3.29,-3.42,-3.35,-3.28,-3.33,0.05,0.13,-0.15,-0.22,-0.05,0.31,4,0,4.873186228197991,49.10078461230323,7.032175333725982,20.0,20.666666666665847,-0.18900018900017826,0.07835294117647607,64.0,0.012721194655773545,-0.028846153846154854,0.0,52.9484807424,0.03,0.04,-0.01,0.026499999999998636,0.2029397914304809,-0.14993979143048364,0.6678708522725096,0.42490356119458544,-43.45607008060405,0.3043548584241895,8.320719418285215
52.82,52.84,52.87,52.8,3142,52.82,52.85,52.84,52.77,-3.31,-3.35,-3.26,-3.39,-3.35,-3.29,-3.31,0.04,0.13,0.02,-0.15,-0.07,0.49,4,0,5.0411719404958255,52.84868704205183,6.706736570974589,35.00000000000089,21.666666666666373,-0.09453582907921565,0.0672058823529369,64.0,0.011998884426173714,-0.01960784313725794,0.0,52.941341512704,0.03,0.04,-0.01,0.006500000000002615,0.1581937704720744,-0.14519377047206916,0.5740920230178792,0.47857525731025546,-43.00721293774636,13.726589878649815,17.295948206152417
52.84,52.73,52.87,52.72,2803,52.79,52.83,52.84,52.78,-3.51,-3.31,-3.26,-3.53,-3.4,-3.33,-3.31,-0.2,0.27,-0.22,-0.37,-0.16,0.31,4,0,4.47958451631808,40.82445014696286,3.1986095887261508,3.999999999999204,19.666666666666696,-0.3778575477045208,0.05455882352941899,56.0,0.010873380014408839,-0.11320754716980863,0.0,52.934487852195836,0.02,0.03,-0.01,0.11900000000000688,0.26097182819149367,-0.022971828191479915,0.5372734704213392,0.08090276952867118,-45.436479604413094,-32.28149438973135,8.279020184442722
52.73,52.71,52.76,52.68,2452,52.78,52.81,52.84,52.78,-3.55,-3.51,-3.46,-3.6,-3.42,-3.37,-3.31,-0.04,0.15,-0.16,-0.42,-0.37,0.11,4,0,4.3868671550856,39.061662818976465,-0.14298553958994406,10.34482758620732,16.44827586206914,-0.39682539682539847,0.03552941176469915,56.0,0.009431033652970572,-0.33962264150943267,0.0,52.92161858106409,0.01,0.03,-0.02,0.14099999999999824,0.2736499151904468,0.008350084809549685,0.5019769358780289,-0.03147414303869427,-46.04947960441298,-34.67556661976834,-2.1965915922231574
52.74,52.71,52.74,52.69,1409,52.76,52.79,52.84,52.78,-3.55,-3.49,-3.49,-3.59,-3.46,-3.4,-3.31,-0.05,0.09,-0.15,-0.4,-0.33,0.15,5,0,4.3868671550856,39.061662818976465,-2.8262454567984876,10.34482758620732,8.22988505747128,-0.4156433024749648,0.017029411764703184,48.00000000000001,0.007820123332678864,-0.3861386138613847,0.0,52.90228909457896,-0.0,0.02,-0.02,0.13750000000000284,0.28073058332644507,-0.005730583326439387,0.5420524464788011,0.020004747566302227,-46.331279604412906,-29.721914245515723,-10.91980890546634
52.71,52.74,52.75,52.7,988,52.75,52.78,52.84,52.79,-3.49,-3.55,-3.48,-3.57,-3.48,-3.42,-3.31,0.05,0.09,-0.13,-0.27,-0.35,0.2,5,0,4.570414487042674,43.42270359268112,-4.1269266749157545,20.68965517241464,13.793103448276426,-0.3777861730260592,-0.0043529411764708925,48.0,0.006261333959814238,-0.3960396039603955,0.0,52.88450596701264,-0.01,0.02,-0.03,0.10249999999999204,0.2532149627609357,-0.04821496276095161,0.5704308568328283,0.1599541342070585,-45.73847960441285,-21.241640781870462,-13.50836425114555
52.71,52.73,52.78,52.71,1550,52.72,52.76,52.84,52.79,-3.51,-3.55,-3.42,-3.55,-3.53,-3.46,-3.31,0.04,0.13,-0.2,-0.18,-0.35,0.16,5,0,4.519016181391627,42.3213510042028,-5.466390922651625,17.2413793103439,16.09195402298862,-0.3778575477045208,-0.02750000000000341,40.0,0.004755222760870482,-0.3366336633663406,0.0,52.86814548965163,-0.01,0.01,-0.02,0.10500000000000398,0.26228954192836085,-0.05228954192835289,0.5953990420303089,0.16622065678139628,-46.40276531869875,-20.421406384461527,-6.649676112102306
52.73,52.78,52.78,52.71,2000,52.73,52.76,52.83,52.8,-3.42,-3.51,-3.42,-3.55,-3.51,-3.46,-3.33,0.09,0.13,0.09,-0.13,-0.27,0.31,5,0,4.822784757973338,49.331200542898074,-5.013486729784763,34.48275862069025,24.13793103448293,-0.2079788239742852,-0.042058823529416145,40.0,0.0035248428010248877,-0.3495145631067975,0.0,52.8530938504795,-0.01,0.01,-0.02,0.05300000000000438,0.21200943368251046,-0.10600943368250171,0.6019322532602959,0.3333432213027392,-44.40276531869875,-3.2183483295372355,-5.765940781285828
52.77,52.74,52.79,52.74,1012,52.74,52.75,52.83,52.8,-3.49,-3.44,-3.4,-3.49,-3.49,-3.48,-3.33,-0.05,0.09,0.05,-0.11,-0.37,0.18,5,0,4.609522661920961,44.600633594924304,-5.770350467045491,24.00000000000091,25.24137931034502,-0.17035775127767616,-0.03644117647057499,-40.0,0.0023771310856266813,-0.33663366336633593,0.0,52.83924634244114,-0.01,0.0,-0.01,0.08449999999999847,0.24430926130869324,-0.07530926130869631,0.6050573552374173,0.2356223309337046,-45.41476531869874,-8.541441425317508,-11.902240556094448
52.75,52.7,52.76,52.69,1757,52.74,52.74,52.82,52.8,-3.57,-3.48,-3.46,-3.59,-3.49,-3.49,-3.35,-0.09,0.13,-0.02,-0.16,-0.42,0.15,5,0,4.406210015816879,40.376754516779,-7.497557133133126,8.333333333334567,22.272030651341908,-0.2838221381267712,-0.03649999999998954,-64.0,0.0011814652111615362,-0.35576923076923794,0.0,52.82650663504585,-0.02,-0.0,-0.02,0.11499999999999488,0.28058985476177867,-0.0505898547617889,0.6270561573862872,0.15275650442041588,-46.66976531869849,-17.36123550741479,-12.660367784390573
52.73,52.7,52.75,52.67,2183,52.73,52.73,52.81,52.8,-3.57,-3.51,-3.48,-3.62,-3.51,-3.51,-3.37,-0.05,0.15,-0.07,-0.2,-0.35,0.04,5,0,4.406210015816879,40.376754516779,-8.893861487039112,14.28571428571477,15.539682539683417,-0.18939393939392865,-0.04200000000000159,-64.0,2.7329095110325566e-06,-0.306930693069312,0.0,52.81478610424218,-0.02,-0.0,-0.02,0.10349999999999682,0.26748475538910554,-0.06048475538911191,0.6211132041971034,0.1844218849660494,-47.215515318698394,-14.881059006355535,-9.841138777201841
52.71,52.66,52.71,52.61,2232,52.72,52.72,52.8,52.8,-3.64,-3.55,-3.55,-3.73,-3.53,-3.53,-3.39,-0.09,0.18,-0.13,-0.33,-0.31,0.04,5,0,4.204295082688016,36.28698820142731,-11.141746028111708,19.230769230768285,13.949938949939208,-0.24625876112900655,-0.06061764705883377,-72.0,-0.0012620330653006844,-0.35576923076923794,0.0,52.80030749381796,-0.02,-0.01,-0.01,0.13049999999999784,0.2966896507007135,-0.035689650700717834,0.6296195364723414,0.10737627328247384,-47.21551531869856,-25.50947914830674,-10.288082377339762
52.65,52.68,52.7,52.63,2065,52.7,52.72,52.79,52.8,-3.6,-3.66,-3.57,-3.7,-3.57,-3.53,-3.4,0.05,0.13,-0.18,-0.09,-0.31,0.0,5,0,4.339627448031954,39.62277874361295,-12.278202328253903,26.92307692307724,20.1465201465201,-0.2461654989585354,-0.07838235294117624,-72.0,-0.0024536666058752534,-0.2815533980582533,0.0,52.77747059455981,-0.03,-0.01,-0.02,0.09799999999999898,0.2578249041921268,-0.06182490419212883,0.6056497184134594,0.1934144885136556,-46.33051531869874,-15.965267841404856,-2.595477158888457
52.68,52.68,52.7,52.62,2912,52.68,52.71,52.77,52.8,-3.6,-3.6,-3.57,-3.71,-3.6,-3.55,-3.44,0.0,0.15,-0.11,-0.05,-0.22,0.02,5,0,4.339627448031955,39.62277874361295,-13.210950169812516,26.92307692307724,24.35897435897425,-0.3028009084027322,-0.10011764705882342,-72.0,-0.0035403620699022893,-0.25471698113207786,0.0,52.75737412321263,-0.03,-0.02,-0.01,0.08500000000000085,0.23176511847173487,-0.06176511847173316,0.5562972366975609,0.21042165575476543,-44.87451531869887,-13.684515292632735,-6.363047760925653
52.66,52.64,52.72,52.62,2229,52.67,52.7,52.76,52.8,-3.68,-3.64,-3.53,-3.71,-3.62,-3.57,-3.46,-0.04,0.18,-0.11,-0.13,-0.27,-0.26,5,0,4.129634905485093,35.23223822879774,-15.096015509640237,11.538461538462064,21.79487179487218,-0.17068082685377642,-0.11199999999999477,-84.0,-0.004651208386250585,-0.2660550458715645,0.0,52.73968922842711,-0.03,-0.02,-0.01,0.11050000000000182,0.24606917053674238,-0.02506917053673874,0.5140014617368197,0.09245896555052223,-46.211915318698736,-24.466727393684927,-14.822822198479372
52.65,52.63,52.68,52.6,1531,52.66,52.69,52.74,52.79,-3.7,-3.66,-3.6,-3.75,-3.64,-3.59,-3.49,-0.04,0.15,-0.13,-0.2,-0.33,-0.38,5,0,4.07815490329409,34.19873538461657,-16.92384273995168,11.111111111111695,16.524216524217,-0.15177385695313658,-0.12555882352940273,-88.0,-0.005758498115945634,-0.35454545454544806,0.0,52.724126521015855,-0.04,-0.02,-0.02,0.1074999999999946,0.2367865035493537,-0.02178650354936451,0.49030198075130266,0.08425668167693483,-46.594665318698674,-23.158623480300932,-24.702876817129706
52.64,52.63,52.67,52.6,1872,52.65,52.67,52.73,52.78,-3.7,-3.68,-3.62,-3.75,-3.66,-3.62,-3.51,-0.02,0.13,-0.05,-0.18,-0.38,-0.46,5,0,4.07815490329409,34.19873538461657,-18.443288083050955,15.789473684211314,12.813015444595024,-0.15177385695313658,-0.129823529411766,-88.0,-0.006804668508786299,-0.3137254901960709,0.0,52.72,-0.04,-0.03,-0.01,0.09749999999999659,0.22755767951188233,-0.03255767951188915,0.4933201062515224,0.1251663094177909,-46.862093890127184,-19.8502486974008,-23.761070636919058
52.63,52.69,52.69,52.62,2269,52.65,52.67,52.73,52.78,-3.59,-3.7,-3.59,-3.71,-3.66,-3.62,-3.51,0.11,0.13,0.02,-0.16,-0.07,-0.24,5,0,4.524118112880845,45.59448156445121,-17.260141080984855,47.368421052630204,24.75633528265107,-0.09480470231324283,-0.13182352941176134,-88.0,-0.007529691686039513,-0.1287128712871305,0.0,52.7032,-0.04,-0.03,-0.01,0.029500000000005855,0.14756354221357526,-0.08856354221356355,0.44789325472953806,0.3750672754395161,-44.593093890127186,2.4340725450834633,-14.492726388685497
52.67,52.73,52.73,52.64,3667,52.66,52.67,52.72,52.77,-3.51,-3.62,-3.51,-3.68,-3.64,-3.62,-3.53,0.11,0.16,0.09,-0.02,0.04,-0.33,5,0,4.796709547556974,51.68043773520434,-14.682491142483958,68.42105263157737,43.859649122806296,0.0,-0.12579411764704673,-84.0,-0.007845690597380146,-0.05714285714285938,52.6,0.0,-0.03,-0.03,0.0,-0.014000000000002899,0.09832096865685003,-0.12632096865685583,0.42613615849781067,0.5623213998571082,-40.926093890127184,23.04063361007109,-3.9767011831220387
52.68,52.78,52.81,52.67,4514,52.69,52.68,52.72,52.77,-3.42,-3.6,-3.37,-3.62,-3.59,-3.6,-3.53,0.18,0.26,0.26,0.15,0.13,-0.2,6,0,5.113964335285795,58.07559653472283,-10.644257101525948,85.71428571428523,67.1679197994976,0.0,-0.11047058823528744,-80.0,-0.007673671803256769,0.02631578947368518,52.6026,0.0,-0.02,-0.03,0.01,-0.06450000000000244,0.04658105148950398,-0.17558105148950887,0.4214360159327197,0.7903285444957082,-38.34666531869868,51.99197166577797,2.2140859737212892
52.76,52.78,52.81,52.74,4628,52.72,52.69,52.72,52.77,-3.42,-3.46,-3.37,-3.49,-3.53,-3.59,-3.53,0.04,0.13,0.27,0.15,0.07,-0.27,6,0,5.113964335285795,58.07559653472283,-7.413107242884216,85.71428571428523,79.94987468671594,0.07584376185058617,-0.08185294117647146,-72.0,-0.0071670347614355675,0.05263157894737036,52.610896000000004,0.0,-0.01,-0.02,0.01,-0.0660000000000025,0.0406583330078476,-0.1726583330078526,0.40466795541165573,0.8093991727544855,-37.685522461555955,44.56454714209541,6.565685828324241
52.77,52.76,52.81,52.75,3175,52.75,52.7,52.72,52.76,-3.46,-3.44,-3.37,-3.48,-3.48,-3.57,-3.53,-0.02,0.11,0.24,0.18,0.05,-0.29,6,0,4.981672781908044,54.63348931959686,-5.450008225495942,76.19047619047426,82.53968253968156,0.113851992409858,-0.050941176470594485,-72.0,-0.006517964858835236,0.06194690265486735,52.618860160000004,0.0,-0.01,-0.02,0.01,-0.04999999999999716,0.04252026804983444,-0.14252026804982876,0.35105394820653235,0.7702110632292324,-39.80218912822288,29.12675469322322,-1.0490227780550967
52.76,52.78,52.81,52.75,2895,52.77,52.71,52.71,52.76,-3.42,-3.46,-3.37,-3.48,-3.44,-3.55,-3.55,0.04,0.11,0.16,0.18,0.0,-0.27,6,0,5.113574102542656,57.38863591853595,-3.0963567408432464,85.71428571428523,82.53968253968158,0.1518026565464863,-0.02373529411764963,-56.0,-0.005714552195120086,0.02631578947368507,52.62650575360001,0.0,-0.0,-0.02,0.02,-0.06750000000000256,0.029633928161139522,-0.16463392816114464,0.36854229323648885,0.8474584075711538,-39.80218912822288,33.23721830847834,2.8523863500933686
52.78,52.83,52.85,52.77,3285,52.79,52.73,52.72,52.75,-3.33,-3.42,-3.29,-3.44,-3.4,-3.51,-3.53,0.09,0.15,0.18,0.27,0.16,-0.2,6,0,5.427121530017139,63.443477450208164,0.6609275676743631,91.99999999999875,84.63492063491941,0.32282567413596985,0.0039117647058830585,-56.0,-0.004645940113173366,0.14782608695652855,52.63384552345601,0.0,0.0,-0.01,0.01,-0.11149999999999238,-0.0017229532187315044,-0.22127704678125326,0.41646498584466884,1.0078475112477958,-38.159689128223164,51.953329978694384,9.138105934475085
52.83,52.82,52.85,52.73,4549,52.79,52.76,52.72,52.75,-3.35,-3.33,-3.29,-3.51,-3.4,-3.46,-3.53,-0.02,0.22,0.07,0.33,0.22,-0.2,6,0,5.355405264351012,61.53571987720785,3.312701726625196,87.99999999999955,88.57142857142783,0.26575550493546046,0.01744117647058374,-56.0,-0.003473477325603823,0.1344537815126008,52.64681479204865,0.0,0.01,-0.01,0.02,-0.09599999999999653,0.02222013364912101,-0.21422013364911408,0.4484490313675652,0.9060222105860948,-35.88518912822317,38.03285426745362,5.782668352620355
52.81,52.78,52.83,52.73,3020,52.79,52.77,52.73,52.74,-3.42,-3.37,-3.33,-3.51,-3.4,-3.44,-3.51,-0.05,0.18,0.0,0.27,0.15,-0.2,6,0,5.075463786534823,54.3978809817112,3.929696360199558,71.99999999999989,83.99999999999939,0.18982536066818798,0.02270588235293758,-56.0,-0.0024231253716215278,0.20168067226890118,52.659005904525735,0.0,0.01,-0.01,0.02,-0.054000000000002046,0.0665653349848796,-0.1745653349848837,0.457327826821233,0.7239449672941788,-35.885189128222954,15.342446514960617,4.743604594590089
52.8,52.82,52.83,52.76,2694,52.81,52.79,52.73,52.74,-3.35,-3.39,-3.33,-3.46,-3.37,-3.4,-3.51,0.04,0.13,0.11,0.35,0.29,-0.02,6,0,5.330181037968795,59.52019740412173,5.830078198637862,87.99999999999955,82.66666666666633,0.3419452887537988,0.029235294117640365,31.999999999999993,-0.0013468783318197368,0.21848739495797342,52.67046555025419,0.0,0.01,-0.0,0.01,-0.08950000000000813,0.03785383779068496,-0.21685383779070122,0.48303671609673005,0.8513832074189315,-33.96090341393708,28.544954155680202,5.408131410955569
52.81,52.79,52.83,52.79,966,52.81,52.79,52.73,52.74,-3.4,-3.37,-3.33,-3.4,-3.37,-3.4,-3.51,-0.04,0.07,0.02,0.18,0.2,-0.11,6,0,5.1228109910084285,54.51050132522483,6.169852758227969,75.99999999999909,78.66666666666617,0.3040091202736017,0.0386176470588282,32.0,-0.0004079892764213797,0.26086956521738747,52.68123761723894,0.0,0.01,0.0,0.01,-0.05899999999999039,0.06920296408437565,-0.18720296408435644,0.4862527321096358,0.7301038841861897,-34.92690341393708,20.327103562011448,9.40268693674654
52.8,52.76,52.8,52.74,987,52.79,52.79,52.73,52.74,-3.46,-3.39,-3.39,-3.49,-3.4,-3.4,-3.51,-0.07,0.11,-0.13,0.05,0.15,-0.07,6,0,4.922956695399878,49.92628765297075,5.269960553304796,63.999999999998636,75.99999999999909,0.24700741022229802,0.0354705882352917,32.0,0.0002882313195397756,0.1801801801801829,52.691363360204605,0.0,0.01,0.0,0.01,-0.027999999999991587,0.10077888025612225,-0.15677888025610542,0.4884278246837359,0.6087134782671877,-35.25590341393716,13.193231624581081,11.28380602582888
52.76,52.75,52.78,52.74,1543,52.78,52.79,52.73,52.74,-3.48,-3.46,-3.42,-3.49,-3.42,-3.4,-3.51,-0.02,0.07,-0.13,-0.05,0.2,-0.07,6,0,4.857048451312642,48.44479631579693,4.163191666915572,59.99999999999943,66.66666666666572,0.11387360030366725,0.03388235294117692,32.0,0.0007543616726620758,0.22429906542056255,52.70088155859233,0.0,0.01,0.0,0.01,-0.01549999999999585,0.11263664581227317,-0.14363664581226487,0.4859689418208915,0.5604823073904426,-36.0274034139373,9.104198535355652,11.259540100545543
52.76,52.73,52.78,52.72,1858,52.77,52.78,52.73,52.74,-3.51,-3.46,-3.42,-3.53,-3.44,-3.42,-3.51,-0.05,0.11,-0.09,-0.09,0.18,-0.15,6,0,4.725030868324465,45.499079405768505,2.4946486252211013,47.82608695652066,57.275362318839576,0.0,0.031264705882350086,32.0,0.0009707846737946252,0.2169811320754682,52.70982866507679,0.0,0.01,0.01,0.0,0.006000000000007333,0.13318490476476086,-0.12118490476474619,0.4823456643080762,0.47641229511039385,-37.266070080604116,2.4950273160183007,11.275357314445252
52.77,52.69,52.77,52.69,2012,52.74,52.77,52.73,52.73,-3.59,-3.44,-3.44,-3.59,-3.49,-3.44,-3.51,-0.15,0.15,-0.24,-0.13,0.11,-0.27,6,0,4.4713921760012285,40.169869234696655,-0.3794332794611476,23.80952380952236,43.87853692201415,-0.17051913603638388,0.021647058823525356,32.0,0.0008606181447818898,0.14018691588785492,0.0,52.85,-0.0,0.0,-0.0,0.04749999999999943,0.17173767544516494,-0.07673767544516608,0.47115496731989764,0.3088341566686653,-39.27807008060411,-9.35854801484121,5.844628289530611
52.71,52.73,52.73,52.66,4031,52.73,52.76,52.74,52.73,-3.51,-3.55,-3.51,-3.64,-3.51,-3.46,-3.49,0.04,0.13,-0.11,-0.09,0.07,0.0,6,0,4.764643845063232,46.948562126498295,-1.1565348293431572,36.84210526315711,36.159238676400044,-0.09473285335355108,0.0020294117647026155,32.0,0.0006828329077724,0.019047619047614983,0.0,52.8468,-0.0,0.0,-0.0,0.00999999999999801,0.13149074038797437,-0.11149074038797835,0.46071573905186336,0.45884460013963463,-35.24707008060411,15.012673130135612,-4.018562201411768
52.71,52.81,52.84,52.7,6146,52.74,52.76,52.74,52.74,-3.37,-3.55,-3.31,-3.57,-3.49,-3.46,-3.49,0.18,0.26,0.09,-0.04,0.15,0.18,6,0,5.286425153569108,57.463492321148244,1.2114961326120854,78.94736842105361,46.53299916457769,0.09476876421532272,0.002764705882356111,31.999999999999996,0.0007622730933961158,0.057142857142858716,52.66,0.0,0.0,0.0,0.0,-0.06349999999999767,0.058364679050256996,-0.18536467905025233,0.4620768356203906,0.76053488383542,-31.7350700806042,83.10800554012098,-1.8552223360690903
52.8,52.72,52.82,52.71,3463,52.74,52.76,52.75,52.74,-3.53,-3.39,-3.35,-3.55,-3.49,-3.46,-3.48,-0.15,0.2,-0.05,-0.18,-0.11,0.02,7,0,4.7327080610648595,46.22043663236499,-0.24037109128062492,31.578947368421446,49.122807017544055,-0.11367942402425592,0.005235294117646561,32.00000000000001,0.0006758842608655171,-0.018348623853213675,52.66,0.0,-0.0,0.0,-0.0,0.030500000000003524,0.1430122215584717,-0.08201222155846466,0.4265825785858643,0.3644591690683404,-34.56843371696796,26.711147605816315,-12.109733787722739
52.73,52.64,52.75,52.61,3434,52.72,52.74,52.75,52.73,-3.68,-3.51,-3.48,-3.73,-3.53,-3.49,-3.48,-0.16,0.26,-0.16,-0.26,-0.26,-0.18,7,0,4.313625874770149,38.849626394633894,-3.9990515176537316,12.50000000000037,41.00877192982514,-0.35964414158621566,-0.00420588235294872,32.0,0.000184585417633088,-0.1709401709401721,0.0,52.84,-0.01,-0.0,-0.01,0.1109999999999971,0.22143550153832336,0.0005644984616708371,0.418704864508071,-0.0025557834836061745,-36.53071943125362,-16.350444909299455,-12.349048613746405
52.67,52.66,52.68,52.61,2808,52.71,52.72,52.75,52.73,-3.64,-3.62,-3.6,-3.73,-3.55,-3.53,-3.48,-0.02,0.13,-0.05,-0.29,-0.18,-0.13,7,0,4.442015586609442,41.39833233574679,-6.075687277024697,20.833333333331975,21.63742690058459,-0.3029155622870195,-0.016794117647066287,32.0,-0.00048316424422647087,-0.22881355932203518,0.0,52.8354,-0.01,-0.0,-0.01,0.09250000000000114,0.19697487736303998,-0.011974877363037706,0.39609450685005965,0.05730984168292588,-35.3272908598253,-5.991809922258273,-19.53243231251804
52.65,52.65,52.68,52.64,2341,52.7,52.71,52.75,52.73,-3.66,-3.66,-3.6,-3.68,-3.57,-3.55,-3.48,0.0,0.07,-0.15,-0.26,-0.24,-0.24,7,0,4.3902975346685,40.47809624789261,-7.949153274412876,16.666666666666174,16.66666666666617,-0.24630541871921668,-0.022029411764712847,32.0,-0.0012765219516979707,-0.26315789473684403,0.0,52.830892,-0.02,-0.01,-0.01,0.10050000000000381,0.21103958566967407,-0.010039585669666451,0.41910346127399833,0.045411721099028426,-36.49779085982551,-8.480122790506426,-21.235525389475868
52.65,52.63,52.66,52.63,2735,52.66,52.7,52.74,52.72,-3.7,-3.66,-3.64,-3.7,-3.64,-3.57,-3.49,-0.04,0.05,-0.33,-0.24,-0.37,-0.2,7,0,4.2861514391305535,38.60574671187566,-9.987970164027846,8.695652173914253,15.398550724637461,-0.359712230215823,-0.044970588235301534,32.0,-0.0021915201416549904,-0.2761904761904762,0.0,52.82647416,-0.02,-0.01,-0.01,0.11550000000000438,0.23772520198397018,-0.006725201983961426,0.4634526243336997,0.027511519207158587,-39.232790859825506,-15.082962391861095,-19.819623561912167
52.64,52.64,52.68,52.6,4943,52.64,52.69,52.74,52.72,-3.68,-3.68,-3.6,-3.75,-3.68,-3.59,-3.49,0.0,0.15,-0.15,-0.2,-0.33,-0.11,7,0,4.356005082563157,40.11663247427907,-11.238163294297255,16.666666666666174,14.009661835748863,-0.28414472437961463,-0.06747058823529528,32.0,-0.0031074204767155104,-0.27184466019417053,0.0,52.822144676799994,-0.03,-0.01,-0.02,0.09850000000000136,0.22784836682394172,-0.03084836682393899,0.49052728774591753,0.1192452892193357,-39.232790859825506,-5.8668249073109155,-8.640881262020024
52.61,52.75,52.79,52.61,6052,52.67,52.69,52.74,52.72,-3.48,-3.73,-3.4,-3.73,-3.62,-3.59,-3.49,0.26,0.33,0.2,0.04,-0.05,0.09,7,0,5.050540227662831,53.769254088065736,-8.363291014071422,62.49999999999889,29.287439613526434,-0.018953752843059155,-0.0621470588235411,28.0,-0.00357122308177852,-0.16666666666666563,0.0,52.813258889728,-0.02,-0.01,-0.01,-0.012999999999998124,0.11507810117276307,-0.14107810117275932,0.4857238795258023,0.5507502839320781,-35.870568637603235,90.07415007944729,-3.996692016761699
52.7,52.73,52.79,52.66,4368,52.68,52.69,52.74,52.72,-3.51,-3.57,-3.4,-3.64,-3.6,-3.59,-3.49,0.05,0.24,0.13,0.07,-0.16,0.13,7,0,4.9353161326308115,51.442975153251815,-6.736682045002736,54.16666666666432,44.44444444444312,-0.037914691943133884,-0.04555882352941154,-60.0,-0.0037793007632583404,-0.13821138211382278,0.0,52.804728534138874,-0.02,-0.02,0.0,0.005500000000004945,0.13316753698580186,-0.12216753698579197,0.4841806259001883,0.47845967686908214,-35.53456863760331,64.72641435381001,1.0532961994890897
52.73,52.71,52.75,52.69,1613,52.69,52.68,52.73,52.72,-3.55,-3.51,-3.48,-3.59,-3.59,-3.6,-3.51,-0.04,0.11,0.11,-0.04,-0.15,0.05,7,0,4.820557298798099,49.12443865019643,-6.048360444399225,45.83333333333272,54.1666666666653,-0.03792907263416655,-0.032235294117647584,-60.0,-0.00387379390633483,-0.08130081300813108,0.0,52.79653939277332,-0.01,-0.01,0.0,0.02199999999999136,0.1484278450342984,-0.10442784503431568,0.4795109043249149,0.4129938503894395,-36.072235304269846,50.871212303266645,0.37918164176635116
52.7,52.79,52.81,52.7,3964,52.72,52.69,52.73,52.73,-3.4,-3.57,-3.37,-3.57,-3.53,-3.59,-3.51,0.16,0.2,0.29,-0.04,0.05,0.2,7,0,5.278772482726718,57.48569431619989,-2.9460177207280225,79.16666666666507,59.722222222220694,0.18978933383944094,-0.011117647058831892,-60.0,-0.0035842995815146854,-0.007692307692306111,52.6,0.0,-0.01,-0.01,0.0,-0.05999999999999517,0.06132600710490266,-0.181326007104893,0.46017829358959916,0.7472676775232514,-33.54968984972462,88.90675340279901,5.898997280392308
52.78,52.97,52.97,52.76,10025,52.79,52.73,52.74,52.74,-3.07,-3.42,-3.07,-3.46,-3.4,-3.51,-3.49,0.35,0.38,0.6,0.46,0.4,0.6,7,0,6.090752798594081,69.70615878849549,4.642851834243045,100.0,74.99999999999925,0.455148871610093,0.029323529411762195,24.0,-0.0023763367796796,0.15862068965516996,52.6042,0.0,0.01,-0.01,0.02,-0.2325000000000017,-0.07631101191179113,-0.3886889880882123,0.5923260984620453,1.2442906278024322,-23.524689849724624,333.9915029166844,15.345762675761591
52.95,53.02,53.11,52.9,13380,52.84,52.77,52.75,52.75,-2.98,-3.11,-2.82,-3.2,-3.31,-3.44,-3.48,0.13,0.38,0.49,0.7,0.53,0.71,7,0,6.276378051312233,72.13345001591365,11.374713808639646,82.35294117647125,87.17320261437875,0.3976519598560895,0.08017647058823485,28.0,-0.0004150703133357192,0.34810126582278345,52.618832,0.0,0.03,-0.0,0.03,-0.2705000000000055,-0.07195781304714899,-0.46904218695286204,0.7527737208991802,1.1812154236626677,-21.613261278295532,381.84985964288046,23.957900554509507
53.1,53.02,53.1,52.96,7626,52.9,52.81,52.76,52.77,-2.98,-2.84,-2.84,-3.09,-3.2,-3.37,-3.46,-0.15,0.26,0.53,0.66,0.6,0.71,7,0,6.276378051312232,72.13345001591365,16.345505031099915,82.35294117647125,88.23529411764748,0.5690440060698109,0.1304411764705833,28.0,0.0019673830118850707,0.4060606060606118,52.64830208,0.0,0.05,0.01,0.04,-0.2605000000000004,-0.031024511112782704,-0.4899754888872181,0.8698925838463885,1.0675987471760668,-22.702689849723882,327.29987969389754,30.773224584748476
53.05,52.99,53.08,52.92,4798,52.96,52.85,52.77,52.78,-3.04,-2.93,-2.87,-3.17,-3.09,-3.29,-3.44,-0.11,0.29,0.51,0.62,0.48,0.55,7,0,6.087533967634213,68.22980732696996,19.208140838938572,76.47058823529453,80.39215686274567,0.6648936170212792,0.17644117647058977,28.0,0.004414550664529611,0.27544910179640425,52.6760039552,0.0,0.06,0.02,0.04,-0.22049999999999415,0.029897683695423893,-0.4708976836954122,0.9490242799170658,0.9402996001117342,-23.30243984972378,259.97989688048284,23.690744997588823
52.96,52.9,53.0,52.89,4746,52.98,52.88,52.78,52.78,-3.2,-3.09,-3.02,-3.22,-3.06,-3.24,-3.42,-0.11,0.2,0.2,0.49,0.16,0.31,7,0,5.563513671385453,57.96383113798621,18.628333310526536,58.823529411764376,72.54901960784338,0.45575389289783896,0.20635294117646197,28.0,0.00645779151873425,0.21556886227544947,52.702043717888,0.0,0.06,0.03,0.03,-0.12349999999999994,0.13319242295017375,-0.38019242295017364,0.9727527325615518,0.7405602755636702,-27.185530758814853,161.81991161184013,22.37871148933084
52.96,52.87,53.0,52.81,5840,52.96,52.89,52.78,52.78,-3.26,-3.09,-3.02,-3.37,-3.09,-3.22,-3.42,-0.16,0.35,-0.18,0.42,0.27,0.16,8,0,5.401778080330619,54.956951474525425,17.287923053703107,52.94117647058766,62.74509803921551,0.4178537511870824,0.2065588235294129,27.999999999999993,0.00801877029877247,0.2616279069767471,52.72652109481472,0.0,0.05,0.03,0.02,-0.08749999999999147,0.17202841848251893,-0.3470284184825019,0.9833881247857165,0.6685749878791946,-29.33710970618353,113.67420995300489,20.048585802536763
52.87,52.86,52.91,52.81,3655,52.93,52.9,52.79,52.79,-3.28,-3.26,-3.18,-3.37,-3.15,-3.2,-3.4,-0.02,0.18,-0.29,0.2,0.4,0.15,8,0,5.347704393188738,53.93945520160916,15.952704938753778,50.98039215686256,54.24836601307152,0.43701311039330587,0.17094117647058482,28.0,0.009136808905168152,0.24571428571428744,52.74952982912584,0.0,0.05,0.04,0.01,-0.07099999999999795,0.18945345073551323,-0.33145345073550914,0.9867716787039391,0.6363007474070635,-29.33710970618353,92.2136085311481,19.25865159198429
52.84,52.81,52.87,52.8,2404,52.89,52.91,52.79,52.79,-3.37,-3.31,-3.26,-3.39,-3.22,-3.18,-3.4,-0.05,0.13,-0.38,0.15,0.27,0.09,8,0,5.082268144603196,48.99187524441456,13.452070542550388,41.176470588235624,48.366013071895274,0.32294832826748043,0.12664705882352933,28.0,0.00970705001730957,0.19662921348314422,52.77115803937829,0.0,0.04,0.04,0.0,-0.015000000000000568,0.24155408786459986,-0.271554087864601,0.9718878221975582,0.5292336016253949,-31.05425256332604,61.86880731241364,16.132938805572337
52.81,52.72,52.84,52.72,5567,52.83,52.91,52.79,52.79,-3.53,-3.37,-3.31,-3.53,-3.33,-3.18,-3.4,-0.16,0.22,-0.49,0.02,0.13,-0.11,8,0,4.648861690296308,41.51452965083583,8.991485787474259,23.529411764705472,38.56209150326787,-0.05687203791469409,0.07985294117646191,28.0,0.009533697181453426,0.14438502673796993,0.0,53.11,0.03,0.04,-0.01,0.07450000000000756,0.3315972578617661,-0.18259725786175096,0.9739547030912633,0.3551131960340349,-36.62125256332604,-18.545308017933863,13.761532409631243
52.75,52.79,52.8,52.71,4309,52.81,52.89,52.79,52.78,-3.4,-3.48,-3.39,-3.55,-3.37,-3.22,-3.4,0.07,0.16,-0.2,0.0,0.29,-0.07,8,0,4.995246939702797,48.22000385025898,7.122216344213863,35.99999999999994,33.56862745098034,0.1137872179025266,0.041411764705877374,28.0,0.009110311862992961,0.12234042553191349,0.0,53.102199999999996,0.02,0.03,-0.01,0.0034999999999953957,0.26050389102119453,-0.25350389102120374,0.9736194456559962,0.49319076457152417,-33.26980811888144,27.194021698914007,13.474402547507708
52.76,52.77,52.8,52.73,5393,52.79,52.86,52.79,52.78,-3.44,-3.46,-3.39,-3.51,-3.4,-3.28,-3.4,0.02,0.13,-0.18,-0.37,0.24,-0.09,8,0,4.900670261360821,46.55628349733755,5.165821226380835,24.444444444445743,27.99128540305038,0.11383039271485919,0.013705882352937238,28.0,0.00844585515223508,0.07344632768361337,0.0,53.086512,0.02,0.03,-0.01,0.025999999999989143,0.281060777070941,-0.22906077707096273,0.9662125050039848,0.4490317556886519,-32.49937954745193,7.900590027643645,13.16796661505753
52.79,52.71,52.8,52.7,7228,52.76,52.82,52.79,52.78,-3.55,-3.4,-3.39,-3.57,-3.46,-3.35,-3.4,-0.15,0.18,-0.27,-0.57,-0.07,-0.13,8,0,4.62646186931767,41.832629596853586,2.1417057587185764,4.761904761905487,21.735449735450384,-0.15154385300245937,-0.00741176470588556,28.0,0.007409959781853984,0.02873563218391073,0.0,53.07145152,0.01,0.03,-0.02,0.08950000000000102,0.33773174655961924,-0.1587317465596172,0.9402806714443062,0.31972491182044344,-38.28177954745213,-55.18235140487922,5.523765244679915
52.74,52.66,52.76,52.64,10056,52.73,52.79,52.79,52.78,-3.64,-3.49,-3.46,-3.68,-3.51,-3.4,-3.4,-0.15,0.22,-0.27,-0.66,-0.13,-0.29,8,0,4.411805501047993,38.29994227490004,-1.4142816851105744,4.2553191489353335,11.153889451762177,-0.5852369265622094,-0.032058823529418135,28.000000000000004,0.0059703378456494515,-0.02222222222222192,0.0,53.0491644288,-0.01,0.02,-0.03,0.1395000000000053,0.3877317465596235,-0.10873174655961293,0.9402806714443062,0.2190125720553206,-44.98577954745273,-119.12772977561688,0.2741573298788751
52.71,52.56,52.73,52.56,15695,52.7,52.75,52.79,52.77,-3.82,-3.55,-3.51,-3.82,-3.57,-3.48,-3.4,-0.27,0.31,-0.29,-0.79,-0.27,-0.42,8,0,4.022325302690389,32.341082757988474,-6.435685678510004,0.0,3.005741303613597,-0.8675971331573006,-0.05420588235293877,-48.0,0.003940495256090101,-0.11827956989247779,0.0,53.016431274496,-0.02,0.01,-0.03,0.23499999999999943,0.4968014514857302,-0.02680145148573132,0.991766081961287,0.051186598343195416,-60.68077954745273,-326.3237683790874,-9.483039391747006
52.61,52.58,52.62,52.54,17797,52.66,52.72,52.78,52.76,-3.79,-3.73,-3.71,-3.86,-3.64,-3.53,-3.42,-0.05,0.15,-0.38,-0.59,-0.38,-0.33,8,0,4.130465237904136,34.56240177612466,-9.810784167165021,7.01754385964897,3.7576210028614248,-0.8298755186722082,-0.08302941176469858,-48.0,0.0016688752273697316,-0.32947976878613194,0.0,52.9707881470464,-0.03,0.0,-0.03,0.21249999999999858,0.48141448454859415,-0.05641448454859699,1.0187601820281122,0.1048929823235355,-60.68077954745273,-228.85751575351364,-21.612596751132216
