Eastern_Time,SIP_Timestamp,Weighted_Avg_Ask_Price,Total_Ask_Size,Weighted_Avg_Bid_Price,Total_Bid_Size
2018-09-28 09:30:00-04:00,1538141400000000000,225.08865694317876,3291,225.02306331104953,2543
2018-09-28 09:31:00-04:00,1538141460000000000,225.28570714954643,3203,225.19950495049437,2222
2018-09-28 09:32:00-04:00,1538141520000000000,224.83474973375894,1878,224.83083461656972,3247
2018-09-28 09:33:00-04:00,1538141580000000000,224.80079241613984,2057,224.74597527472676,2912
2018-09-28 09:34:00-04:00,1538141640000000000,224.7866714183893,1403,224.73711161731237,2195
2018-09-28 09:35:00-04:00,1538141700000000000,224.41040209790086,3432,224.39426252646393,5668
2018-09-28 09:36:00-04:00,1538141760000000000,224.81067743067678,2849,224.76916323165685,2426
2018-09-28 09:37:00-04:00,1538141820000000000,225.1508638180135,3253,225.09250093879118,2663
2018-09-28 09:38:00-04:00,1538141880000000000,225.25878384580017,2179,225.23523005384249,4086
2018-09-28 09:39:00-04:00,1538141940000000000,225.06659025788048,2443,225.0271061643838,2920
2018-09-28 09:40:00-04:00,1538142000000000000,225.1028736263732,1820,225.05893946290388,2197
2018-09-28 09:41:00-04:00,1538142060000000000,224.95120606478253,1451,224.90712129379952,1855
2018-09-28 09:42:00-04:00,1538142120000000000,224.8327219965176,1723,224.7957091836736,3920
2018-09-28 09:43:00-04:00,1538142180000000000,224.93452991453003,1053,224.8954190827616,1897
2018-09-28 09:44:00-04:00,1538142240000000000,224.9476346250632,1987,224.90997106481396,1728
2018-09-28 09:45:00-04:00,1538142300000000000,224.72773546273578,2442,224.6859076145825,2771
2018-09-28 09:46:00-04:00,1538142360000000000,224.6854937797582,6511,224.5588293016886,4382
2018-09-28 09:47:00-04:00,1538142420000000000,224.45174265019168,2347,224.4105232177894,3058
2018-09-28 09:48:00-04:00,1538142480000000000,224.43652623515902,2611,224.3972115732369,2765
2018-09-28 09:49:00-04:00,1538142540000000000,224.59476218611462,3385,224.56417808219294,3066
2018-09-28 09:50:00-04:00,1538142600000000000,224.79579298089794,2251,224.76834373699583,2403
2018-09-28 09:51:00-04:00,1538142660000000000,224.71042701863215,2576,224.68890855457192,2373
2018-09-28 09:52:00-04:00,1538142720000000000,224.52869724770585,3815,224.49408572978857,3686
2018-09-28 09:53:00-04:00,1538142780000000000,224.46607922991382,2701,224.4449284403671,2725
2018-09-28 09:54:00-04:00,1538142840000000000,224.47030705919556,3159,224.45806274748742,3283
2018-09-28 09:55:00-04:00,1538142900000000000,224.48575041231487,3638,224.46136052303666,3212
2018-09-28 09:56:00-04:00,1538142960000000000,224.46134598792017,2318,224.44291883454645,1922
2018-09-28 09:57:00-04:00,1538143020000000000,224.42068217541564,3181,224.41434914841702,3288
2018-09-28 09:58:00-04:00,1538143080000000000,224.48635514018662,1712,224.46625568468912,1979
2018-09-28 09:59:00-04:00,1538143140000000000,224.69863871338376,1741,224.67423978819957,2644
2018-09-28 10:00:00-04:00,1538143200000000000,224.7586627906993,2064,224.73600502512602,1990
2018-09-28 10:01:00-04:00,1538143260000000000,224.69097075031968,2359,224.66977512297882,2846
2018-09-28 10:02:00-04:00,1538143320000000000,224.77901274926398,3059,224.74405904059088,3794
2018-09-28 10:03:00-04:00,1538143380000000000,224.8713530135306,1626,224.85095327102837,1605
2018-09-28 10:04:00-04:00,1538143440000000000,225.0427925116995,5128,225.0196935933158,2154
2018-09-28 10:05:00-04:00,1538143500000000000,225.0511373209765,3561,225.02014429621542,3673
2018-09-28 10:06:00-04:00,1538143560000000000,225.10802713604562,2727,225.07602140077768,3084
2018-09-28 10:07:00-04:00,1538143620000000000,225.10650694952432,2734,225.06680733162813,2346
2018-09-28 10:08:00-04:00,1538143680000000000,225.06538763066177,2296,225.03222624434417,2210
2018-09-28 10:09:00-04:00,1538143740000000000,225.02976220672178,3154,225.00810820006825,2939
2018-09-28 10:10:00-04:00,1538143800000000000,225.02806526038268,3034,224.99970291373066,5251
2018-09-28 10:11:00-04:00,1538143860000000000,225.040140537163,3202,225.0071340493238,5028
2018-09-28 10:12:00-04:00,1538143920000000000,225.00558917835656,4990,224.99129691949165,3863
2018-09-28 10:13:00-04:00,1538143980000000000,224.88084753569785,4342,224.85895005549258,4505
2018-09-28 10:14:00-04:00,1538144040000000000,224.7634308510647,3008,224.74047439759104,3984
2018-09-28 10:15:00-04:00,1538144100000000000,224.74336048007055,2333,224.72513061224814,2450
2018-09-28 10:16:00-04:00,1538144160000000000,224.84094141211781,1997,224.8068647912884,2204
2018-09-28 10:17:00-04:00,1538144220000000000,224.91618960244688,1635,224.89511065362836,1943
2018-09-28 10:18:00-04:00,1538144280000000000,225.05594086021412,1860,225.02821979114884,2011
2018-09-28 10:19:00-04:00,1538144340000000000,225.0990568862273,1336,225.07721311475535,1281
2018-09-28 10:20:00-04:00,1538144400000000000,225.03478571428545,2520,225.00457364341113,1935
2018-09-28 10:21:00-04:00,1538144460000000000,224.98249218261395,3198,224.93974771639927,2299
2018-09-28 10:22:00-04:00,1538144520000000000,224.92382422802817,1263,224.90487847222315,1152
2018-09-28 10:23:00-04:00,1538144580000000000,224.96327975673321,2302,224.95668320105779,3024
2018-09-28 10:24:00-04:00,1538144640000000000,224.74666928515444,2546,224.7168539770468,2527
2018-09-28 10:25:00-04:00,1538144700000000000,224.90471291866186,2508,224.8756480080683,1983
2018-09-28 10:26:00-04:00,1538144760000000000,224.95993607670738,2503,224.9343093428698,2237
2018-09-28 10:27:00-04:00,1538144820000000000,224.9208130502343,1931,224.91189349112673,2028
2018-09-28 10:28:00-04:00,1538144880000000000,224.79624843161855,2391,224.76895992366414,2096
2018-09-28 10:29:00-04:00,1538144940000000000,224.83552905198817,1635,224.81973271353928,1721
2018-09-28 10:30:00-04:00,1538145000000000000,224.8326791808875,1758,224.81313176007816,2034
2018-09-28 10:31:00-04:00,1538145060000000000,224.7512582345186,1518,224.73124211547687,2061
2018-09-28 10:32:00-04:00,1538145120000000000,224.83799426934073,1745,224.8288206785133,2476
2018-09-28 10:33:00-04:00,1538145180000000000,224.8486976217447,1766,224.81864906832283,3220
2018-09-28 10:34:00-04:00,1538145240000000000,224.8436763978226,2021,224.8228853383456,2128
2018-09-28 10:35:00-04:00,1538145300000000000,224.93536622390886,2635,224.9040020418583,1959
2018-09-28 10:36:00-04:00,1538145360000000000,224.86012278308323,1466,224.84422804532565,1412
2018-09-28 10:37:00-04:00,1538145420000000000,224.85862780813656,1647,224.83933373349294,1666
2018-09-28 10:38:00-04:00,1538145480000000000,224.98013956310646,1648,224.96476635514105,1605
2018-09-28 10:39:00-04:00,1538145540000000000,225.21468035343176,3848,225.18288805970167,2680
2018-09-28 10:40:00-04:00,1538145600000000000,225.3234257425746,2020,225.28393085106381,1880
2018-09-28 10:41:00-04:00,1538145660000000000,225.24077513430592,1303,225.22892512972555,1349
2018-09-28 10:42:00-04:00,1538145720000000000,225.28962343096177,1434,225.265630472855,1142
2018-09-28 10:43:00-04:00,1538145780000000000,225.31819843341995,766,225.29805333333314,750
2018-09-28 10:44:00-04:00,1538145840000000000,225.24601428571364,700,225.22287461773695,654
2018-09-28 10:45:00-04:00,1538145900000000000,225.26061354581662,1255,225.24476406533591,1102
2018-09-28 10:46:00-04:00,1538145960000000000,225.32389288569132,1251,225.3132545201672,1438
2018-09-28 10:47:00-04:00,1538146020000000000,225.28384959046824,1343,225.27272018706208,1283
2018-09-28 10:48:00-04:00,1538146080000000000,225.25121298949418,1047,225.24220037453162,1068
2018-09-28 10:49:00-04:00,1538146140000000000,225.37449013157953,1824,225.34673605328894,1201
2018-09-28 10:50:00-04:00,1538146200000000000,225.53669410150886,2916,225.5321455223882,1608
2018-09-28 10:51:00-04:00,1538146260000000000,225.71148820326707,2755,225.66313602015077,1588
2018-09-28 10:52:00-04:00,1538146320000000000,225.7468849557525,1695,225.71084429824538,1824
2018-09-28 10:53:00-04:00,1538146380000000000,225.6904585152838,916,225.67090909090882,946
2018-09-28 10:54:00-04:00,1538146440000000000,225.6478087649396,2761,225.6106140350881,2508
2018-09-28 10:55:00-04:00,1538146500000000000,225.65455882352884,1768,225.63696000000016,1375
2018-09-28 10:56:00-04:00,1538146560000000000,225.63412614980325,761,225.61556462584957,735
2018-09-28 10:57:00-04:00,1538146620000000000,225.53823207171297,2008,225.52869079707364,2597
2018-09-28 10:58:00-04:00,1538146680000000000,225.60979977753053,2697,225.58699275362463,1380
2018-09-28 10:59:00-04:00,1538146740000000000,225.5232948421859,1299,225.50614657210394,1269
2018-09-28 11:00:00-04:00,1538146800000000000,225.66191450659466,2199,225.64590821256238,2070
2018-09-28 11:01:00-04:00,1538146860000000000,225.74589661774064,1567,225.7239627434377,1181
2018-09-28 11:02:00-04:00,1538146920000000000,225.76865492693935,2669,225.73223607038125,1364
2018-09-28 11:03:00-04:00,1538146980000000000,225.570332622602,2345,225.56310650887764,2028
2018-09-28 11:04:00-04:00,1538147040000000000,225.35111535523353,1309,225.3442408376964,1337
2018-09-28 11:05:00-04:00,1538147100000000000,225.34956852791777,1576,225.33478386167104,1388
2018-09-28 11:06:00-04:00,1538147160000000000,225.31909161490697,1288,225.2920553691273,1192
2018-09-28 11:07:00-04:00,1538147220000000000,225.19918599746958,2371,225.18734214390815,1362
2018-09-28 11:08:00-04:00,1538147280000000000,225.36138077085735,2361,225.36015551366563,2122
2018-09-28 11:09:00-04:00,1538147340000000000,225.41719927096034,1646,225.39809756097546,1025
2018-09-28 11:10:00-04:00,1538147400000000000,225.47467852257185,1462,225.47044783983142,1898
2018-09-28 11:11:00-04:00,1538147460000000000,225.4852901281087,1327,225.4685353535355,792
2018-09-28 11:12:00-04:00,1538147520000000000,225.3742518518518,2025,225.35522388059678,2077
2018-09-28 11:13:00-04:00,1538147580000000000,225.40509566029024,4286,225.38381165919338,1784
2018-09-28 11:14:00-04:00,1538147640000000000,225.46288327057616,1859,225.44256488549746,1310
2018-09-28 11:15:00-04:00,1538147700000000000,225.43536312849207,1790,225.41601604278085,1870
2018-09-28 11:16:00-04:00,1538147760000000000,225.34244907856467,2062,225.3242794600516,2741
2018-09-28 11:17:00-04:00,1538147820000000000,225.3224689357113,1851,225.30079670329587,1456
2018-09-28 11:18:00-04:00,1538147880000000000,225.3293591905565,1186,225.31222939068033,1395
2018-09-28 11:19:00-04:00,1538147940000000000,225.34374588545026,1519,225.32311730926898,1219
2018-09-28 11:20:00-04:00,1538148000000000000,225.3178949652775,2304,225.2955307599526,1658
2018-09-28 11:21:00-04:00,1538148060000000000,225.22114788732335,1420,225.20285942492023,1252
2018-09-28 11:22:00-04:00,1538148120000000000,225.19012195121866,1968,225.17533088235191,1904
2018-09-28 11:23:00-04:00,1538148180000000000,225.28995063469694,1418,225.2718804566826,1489
2018-09-28 11:24:00-04:00,1538148240000000000,225.2599938157076,1617,225.25687960688023,1628
2018-09-28 11:25:00-04:00,1538148300000000000,225.1472015209123,1315,225.1312617554872,1276
2018-09-28 11:26:00-04:00,1538148360000000000,225.08931034482757,1102,225.0757324218747,1024
2018-09-28 11:27:00-04:00,1538148420000000000,225.02623678646967,1892,225.01041930765538,2051
2018-09-28 11:28:00-04:00,1538148480000000000,225.04257042253596,1136,225.03097122302103,834
2018-09-28 11:29:00-04:00,1538148540000000000,225.03712321232032,1818,225.0050142540383,3157
2018-09-28 11:30:00-04:00,1538148600000000000,225.0993416370114,1686,225.0726704871052,1745
2018-09-28 11:31:00-04:00,1538148660000000000,225.0680586080583,819,225.0505773501117,1351
2018-09-28 11:32:00-04:00,1538148720000000000,225.00530927835052,1552,224.98475206611556,4840
2018-09-28 11:33:00-04:00,1538148780000000000,224.9640872662511,2246,224.96056209150342,3060
2018-09-28 11:34:00-04:00,1538148840000000000,224.98619444444384,1800,224.9620305121705,2753
2018-09-28 11:35:00-04:00,1538148900000000000,225.02924154987613,1213,225.00240259740195,2618
2018-09-28 11:36:00-04:00,1538148960000000000,225.05861759425545,1114,225.04104738154635,1203
2018-09-28 11:37:00-04:00,1538149020000000000,225.03722794959876,873,224.9978656756042,3767
2018-09-28 11:38:00-04:00,1538149080000000000,225.02223115577863,2985,224.99530537084414,9775
2018-09-28 11:39:00-04:00,1538149140000000000,225.06308108108132,1665,225.04909228441724,1983
2018-09-28 11:40:00-04:00,1538149200000000000,225.0332785602508,1278,224.9922775515674,14981
2018-09-28 11:41:00-04:00,1538149260000000000,225.04915699141753,1981,224.9957781103021,18712
2018-09-28 11:42:00-04:00,1538149320000000000,225.05221906116645,1406,225.04014873140952,1143
2018-09-28 11:43:00-04:00,1538149380000000000,225.0413787638661,1262,224.99380525258252,13936
2018-09-28 11:44:00-04:00,1538149440000000000,225.01748571428547,875,224.99156164132643,10918
2018-09-28 11:45:00-04:00,1538149500000000000,225.02408616779985,2205,224.99168165131616,45491
2018-09-28 11:46:00-04:00,1538149560000000000,225.07787442099635,1943,225.06368007850645,2038
2018-09-28 11:47:00-04:00,1538149620000000000,225.1196390658173,2355,225.11386759581964,1722
2018-09-28 11:48:00-04:00,1538149680000000000,225.1782602739737,1460,225.15700787401565,1651
2018-09-28 11:49:00-04:00,1538149740000000000,225.18872135655263,2182,225.16618059450101,1783
2018-09-28 11:50:00-04:00,1538149800000000000,225.15702814951567,2167,225.14243404679087,2009
2018-09-28 11:51:00-04:00,1538149860000000000,225.13119651921704,1379,225.11424418604622,1204
2018-09-28 11:52:00-04:00,1538149920000000000,225.12991466252984,1289,225.11814014407398,1527
2018-09-28 11:53:00-04:00,1538149980000000000,225.10809100998873,901,225.09295341922711,1009
2018-09-28 11:54:00-04:00,1538150040000000000,225.03924588422626,1883,224.99360509488508,19392
2018-09-28 11:55:00-04:00,1538150100000000000,225.04290170132307,1058,225.028254716981,1060
2018-09-28 11:56:00-04:00,1538150160000000000,225.0364925854293,1551,224.99169639258318,19848
2018-09-28 11:57:00-04:00,1538150220000000000,225.0251275917063,1254,224.99152686196152,18502
2018-09-28 11:58:00-04:00,1538150280000000000,225.05722789115472,2352,225.04274207011565,2396
2018-09-28 11:59:00-04:00,1538150340000000000,225.06818385650192,1784,225.052818574514,1852
2018-09-28 12:00:00-04:00,1538150400000000000,225.0330475382,1178,224.99535579196242,8460
2018-09-28 12:01:00-04:00,1538150460000000000,225.0248750946261,1321,224.9912910940239,33034
2018-09-28 12:02:00-04:00,1538150520000000000,225.0554900662244,1510,225.0203047830923,4495
2018-09-28 12:03:00-04:00,1538150580000000000,225.02303127505968,1247,224.9916746756377,16648
2018-09-28 12:04:00-04:00,1538150640000000000,225.02892424242455,660,225.0124279835386,729
2018-09-28 12:05:00-04:00,1538150700000000000,225.04166479190124,889,225.02736094674523,845
2018-09-28 12:06:00-04:00,1538150760000000000,225.0184481327805,1205,224.99180678990314,11252
2018-09-28 12:07:00-04:00,1538150820000000000,225.0237199124721,914,225.01367075664615,978
2018-09-28 12:08:00-04:00,1538150880000000000,225.0445741113354,1491,224.9949853708909,17431
2018-09-28 12:09:00-04:00,1538150940000000000,225.02693426410764,1719,224.99132649156277,28745
2018-09-28 12:10:00-04:00,1538151000000000000,225.09091534164224,2327,225.07861064189134,2368
2018-09-28 12:11:00-04:00,1538151060000000000,225.16915299503935,2621,225.15131578947378,1596
2018-09-28 12:12:00-04:00,1538151120000000000,225.16152650176556,1415,225.1449165935027,1139
2018-09-28 12:13:00-04:00,1538151180000000000,225.15045126353795,554,225.136929133858,635
2018-09-28 12:14:00-04:00,1538151240000000000,225.1792838541663,768,225.16496264674532,937
2018-09-28 12:15:00-04:00,1538151300000000000,225.18771946564956,1048,225.17442528735478,1218
2018-09-28 12:16:00-04:00,1538151360000000000,225.19228239845262,517,225.1729676674366,866
2018-09-28 12:17:00-04:00,1538151420000000000,225.1272932330822,665,225.11468838526892,706
2018-09-28 12:18:00-04:00,1538151480000000000,225.07521062271036,1092,225.05740776699005,1030
2018-09-28 12:19:00-04:00,1538151540000000000,225.02603537214455,1357,224.99165247176452,21604
2018-09-28 12:20:00-04:00,1538151600000000000,225.02869888475817,538,225.0133230769234,650
2018-09-28 12:21:00-04:00,1538151660000000000,225.01787136293981,653,224.9915821980018,5505
2018-09-28 12:22:00-04:00,1538151720000000000,225.02145922746806,699,225.0039785522784,1865
2018-09-28 12:23:00-04:00,1538151780000000000,225.02994169096291,1372,224.99102094013347,34527
2018-09-28 12:24:00-04:00,1538151840000000000,225.0448289345068,4092,224.9912602073325,17267
2018-09-28 12:25:00-04:00,1538151900000000000,225.03330897703563,958,225.00765560165902,964
2018-09-28 12:26:00-04:00,1538151960000000000,225.01992941176476,425,225.007881136951,774
2018-09-28 12:27:00-04:00,1538152020000000000,225.01663109756055,1312,224.9908378543333,29492
2018-09-28 12:28:00-04:00,1538152080000000000,225.05028800000048,2500,225.02902272727218,2200
2018-09-28 12:29:00-04:00,1538152140000000000,225.02661755678383,1629,224.99378112713006,10682
2018-09-28 12:30:00-04:00,1538152200000000000,225.07380125086962,1439,225.0566490566049,1325
2018-09-28 12:31:00-04:00,1538152260000000000,225.0817642956768,1434,225.0670784490534,1109
2018-09-28 12:32:00-04:00,1538152320000000000,225.09217866323868,1556,225.07408951563417,1631
2018-09-28 12:33:00-04:00,1538152380000000000,225.04928719723145,1445,225.03192307692316,1586
2018-09-28 12:34:00-04:00,1538152440000000000,225.03526639344292,2440,224.99110865285624,57403
2018-09-28 12:35:00-04:00,1538152500000000000,225.02751773049616,987,224.99344171779157,6520
2018-09-28 12:36:00-04:00,1538152560000000000,225.02532230703912,2358,224.99587929972867,22734
2018-09-28 12:37:00-04:00,1538152620000000000,225.03676975945055,2037,225.02155844155828,1463
2018-09-28 12:38:00-04:00,1538152680000000000,225.0653475728159,2575,225.04699279711917,1666
2018-09-28 12:39:00-04:00,1538152740000000000,225.05976239669448,968,225.04693965517254,1160
2018-09-28 12:40:00-04:00,1538152800000000000,225.0254004106776,487,225.00927864214984,707
2018-09-28 12:41:00-04:00,1538152860000000000,225.01413114754106,915,224.99478754863858,6425
2018-09-28 12:42:00-04:00,1538152920000000000,224.9313099433115,6527,224.9368907782877,7645
2018-09-28 12:43:00-04:00,1538152980000000000,224.8533461374314,2343,224.84963835155597,2378
2018-09-28 12:44:00-04:00,1538153040000000000,224.84944503358102,2829,224.82234641972272,7667
2018-09-28 12:45:00-04:00,1538153100000000000,224.79504616619846,2491,224.77604716649094,2841
2018-09-28 12:46:00-04:00,1538153160000000000,224.64251421608625,2462,224.62503499562533,2286
2018-09-28 12:47:00-04:00,1538153220000000000,224.70885216346227,3328,224.68323212258798,3524
2018-09-28 12:48:00-04:00,1538153280000000000,224.68698021649897,5358,224.5902660406896,3195
2018-09-28 12:49:00-04:00,1538153340000000000,224.62643936300455,2449,224.59024636058305,2679
2018-09-28 12:50:00-04:00,1538153400000000000,224.74778059928946,1969,224.73806070826416,1779
2018-09-28 12:51:00-04:00,1538153460000000000,224.82902865129302,1431,224.8136896135253,1656
2018-09-28 12:52:00-04:00,1538153520000000000,224.83171160609558,1706,224.82228467153203,1370
2018-09-28 12:53:00-04:00,1538153580000000000,224.82059103260897,1472,224.80117408906867,1482
2018-09-28 12:54:00-04:00,1538153640000000000,224.82709167544783,949,224.80998678995957,757
2018-09-28 12:55:00-04:00,1538153700000000000,224.84166003411062,1759,224.83344941956963,1206
2018-09-28 12:56:00-04:00,1538153760000000000,224.830460829493,1085,224.81854782608656,1150
2018-09-28 12:57:00-04:00,1538153820000000000,224.88521343198593,1757,224.87597167584676,1271
2018-09-28 12:58:00-04:00,1538153880000000000,224.93743544078373,1123,224.92406290956671,763
2018-09-28 12:59:00-04:00,1538153940000000000,224.98127044025057,1590,224.96722570532896,1276
2018-09-28 13:00:00-04:00,1538154000000000000,225.0206468646867,1515,225.00794568245078,1436
2018-09-28 13:01:00-04:00,1538154060000000000,224.9919537572256,1730,224.97588135593207,1770
2018-09-28 13:02:00-04:00,1538154120000000000,224.9015166340506,1022,224.887595155709,1734
2018-09-28 13:03:00-04:00,1538154180000000000,224.94815028901698,865,224.93853997682578,863
2018-09-28 13:04:00-04:00,1538154240000000000,224.91830124575287,883,224.88812888888927,2250
2018-09-28 13:05:00-04:00,1538154300000000000,224.8873151125409,1244,224.8802004626057,1297
2018-09-28 13:06:00-04:00,1538154360000000000,224.86751401869202,1605,224.8475081967219,1830
2018-09-28 13:07:00-04:00,1538154420000000000,224.72228158844734,1385,224.70070595854935,1544
2018-09-28 13:08:00-04:00,1538154480000000000,224.69055702917746,377,224.68357843137247,408
2018-09-28 13:09:00-04:00,1538154540000000000,224.80966507177044,418,224.78660441426157,589
2018-09-28 13:10:00-04:00,1538154600000000000,224.81569247546363,917,224.80975177304998,1128
2018-09-28 13:11:00-04:00,1538154660000000000,224.77409984871446,661,224.76343594836132,1007
2018-09-28 13:12:00-04:00,1538154720000000000,224.73652320675197,1185,224.72195255474432,1096
2018-09-28 13:13:00-04:00,1538154780000000000,224.78086872586863,518,224.76458270106207,659
2018-09-28 13:14:00-04:00,1538154840000000000,224.84175718849843,939,224.8214545454549,1045
2018-09-28 13:15:00-04:00,1538154900000000000,224.93891748003531,1127,224.93006912442345,1302
2018-09-28 13:16:00-04:00,1538154960000000000,224.94796541200455,983,224.93528909952605,1055
2018-09-28 13:17:00-04:00,1538155020000000000,224.88984357541844,895,224.87622282608734,736
2018-09-28 13:18:00-04:00,1538155080000000000,224.90978428351303,649,224.89763754045308,618
2018-09-28 13:19:00-04:00,1538155140000000000,224.90822299651595,574,224.89754358161636,631
2018-09-28 13:20:00-04:00,1538155200000000000,224.96188356164342,1752,224.94080273270646,1171
2018-09-28 13:21:00-04:00,1538155260000000000,224.9979478138221,1418,224.98246207701314,857
2018-09-28 13:22:00-04:00,1538155320000000000,225.03078772802633,1206,225.007414847163,1145
2018-09-28 13:23:00-04:00,1538155380000000000,225.0545256270453,1834,225.0321258503406,1176
2018-09-28 13:24:00-04:00,1538155440000000000,224.96640085061057,1881,224.96575877689733,1766
2018-09-28 13:25:00-04:00,1538155500000000000,224.99197745013024,1153,224.98005144032928,972
2018-09-28 13:26:00-04:00,1538155560000000000,224.97203150912105,1206,224.9575473484849,1056
2018-09-28 13:27:00-04:00,1538155620000000000,224.98721763085328,726,224.9776455368697,773
2018-09-28 13:28:00-04:00,1538155680000000000,225.0490134994811,963,225.0318271119841,1018
2018-09-28 13:29:00-04:00,1538155740000000000,224.99201970443295,1015,224.9871773584905,1325
2018-09-28 13:30:00-04:00,1538155800000000000,224.95354082998608,1494,224.9484539473686,1520
2018-09-28 13:31:00-04:00,1538155860000000000,224.85004428698088,1129,224.84235946745582,1352
2018-09-28 13:32:00-04:00,1538155920000000000,224.90555023923457,627,224.89003685503633,814
2018-09-28 13:33:00-04:00,1538155980000000000,224.85920797720763,1755,224.84240638428525,1629
2018-09-28 13:34:00-04:00,1538156040000000000,224.90027257240266,1174,224.88361455108424,1292
2018-09-28 13:35:00-04:00,1538156100000000000,224.87515463917433,1649,224.8611726384371,2149
2018-09-28 13:36:00-04:00,1538156160000000000,224.9939044943819,1424,224.9812569610191,1257
2018-09-28 13:37:00-04:00,1538156220000000000,225.01589058524155,786,224.99719688542856,899
2018-09-28 13:38:00-04:00,1538156280000000000,225.06653292959916,1321,225.06169718309897,1420
2018-09-28 13:39:00-04:00,1538156340000000000,225.0972972972976,888,225.08352130325807,798
2018-09-28 13:40:00-04:00,1538156400000000000,225.1172093023257,688,225.0998816568046,507
2018-09-28 13:41:00-04:00,1538156460000000000,225.0912907968247,3401,225.07678117048326,786
2018-09-28 13:42:00-04:00,1538156520000000000,225.08689636010047,3599,225.0610702341137,897
2018-09-28 13:43:00-04:00,1538156580000000000,225.05617312072917,878,225.04603658536567,656
2018-09-28 13:44:00-04:00,1538156640000000000,225.06663911845766,726,225.053856960409,783
2018-09-28 13:45:00-04:00,1538156700000000000,225.0979999999998,1860,225.08516492357165,1243
2018-09-28 13:46:00-04:00,1538156760000000000,225.076406926407,1386,225.06037617554858,957
2018-09-28 13:47:00-04:00,1538156820000000000,225.02931229773478,1236,225.0112903225809,1302
2018-09-28 13:48:00-04:00,1538156880000000000,225.0866233766233,770,225.07288401253902,638
2018-09-28 13:49:00-04:00,1538156940000000000,225.07875000000007,408,225.0681107491858,307
2018-09-28 13:50:00-04:00,1538157000000000000,225.13001218917594,4102,225.091009708738,1545
2018-09-28 13:51:00-04:00,1538157060000000000,225.18111039171046,3089,225.17094219653208,1730
2018-09-28 13:52:00-04:00,1538157120000000000,225.16274424663447,2303,225.14247487437157,1592
2018-09-28 13:53:00-04:00,1538157180000000000,225.11809523809495,567,225.10061705989145,551
2018-09-28 13:54:00-04:00,1538157240000000000,225.0961486486492,444,225.0789243027894,502
2018-09-28 13:55:00-04:00,1538157300000000000,225.09324982602652,1437,225.07919480519504,1540
2018-09-28 13:56:00-04:00,1538157360000000000,225.04274914089265,1164,225.02531221719423,1105
2018-09-28 13:57:00-04:00,1538157420000000000,225.0295738203959,657,224.99265706806304,4584
2018-09-28 13:58:00-04:00,1538157480000000000,225.0021512385926,1534,224.9868105359238,7669
2018-09-28 13:59:00-04:00,1538157540000000000,225.0205045278136,773,224.9918619394225,8518
2018-09-28 14:00:00-04:00,1538157600000000000,225.03169696969658,825,225.00322711864482,1475
2018-09-28 14:01:00-04:00,1538157660000000000,225.03809574468045,940,225.0216242821981,1219
2018-09-28 14:02:00-04:00,1538157720000000000,225.01611927398426,1157,224.9918689547583,6410
2018-09-28 14:03:00-04:00,1538157780000000000,225.0228335112052,1874,225.00223856209072,2448
2018-09-28 14:04:00-04:00,1538157840000000000,225.02751503006016,1497,224.99899329758696,7460
2018-09-28 14:05:00-04:00,1538157900000000000,225.01540785498565,1324,224.99161448741523,9774
2018-09-28 14:06:00-04:00,1538157960000000000,225.0068818380736,1828,224.99139207760703,6185
2018-09-28 14:07:00-04:00,1538158020000000000,225.02830174927178,1372,225.00221992772433,1937
2018-09-28 14:08:00-04:00,1538158080000000000,225.00076713819365,1838,224.98528497409163,3281
2018-09-28 14:09:00-04:00,1538158140000000000,225.0661598173515,2190,225.03804756637277,1808
2018-09-28 14:10:00-04:00,1538158200000000000,225.02959406713515,1281,225.01384138236665,2257
2018-09-28 14:11:00-04:00,1538158260000000000,225.05173484848484,1320,225.03632042253653,1136
2018-09-28 14:12:00-04:00,1538158320000000000,224.9642538699689,1615,224.95356548856583,1924
2018-09-28 14:13:00-04:00,1538158380000000000,225.04076075550975,1906,225.02571588995127,1781
2018-09-28 14:14:00-04:00,1538158440000000000,225.05352975158982,1731,225.03398002853083,1402
2018-09-28 14:15:00-04:00,1538158500000000000,225.0392422731804,1003,225.01807207207196,1110
2018-09-28 14:16:00-04:00,1538158560000000000,225.00392990305735,1341,224.99072544642863,3584
2018-09-28 14:17:00-04:00,1538158620000000000,225.06379222434614,1569,225.0470822281162,1508
2018-09-28 14:18:00-04:00,1538158680000000000,225.0562220149264,1072,225.0393762993764,962
2018-09-28 14:19:00-04:00,1538158740000000000,225.02437074829936,1176,225.00403068340225,1434
2018-09-28 14:20:00-04:00,1538158800000000000,225.03629828326137,932,225.01666385846733,1187
2018-09-28 14:21:00-04:00,1538158860000000000,225.0369308176102,795,225.01838572642203,1177
2018-09-28 14:22:00-04:00,1538158920000000000,225.05508161816928,1409,225.01780312907488,3068
2018-09-28 14:23:00-04:00,1538158980000000000,225.01647251845685,1219,224.9955648535563,1673
2018-09-28 14:24:00-04:00,1538159040000000000,225.02796754910347,1171,224.9967156862746,3672
2018-09-28 14:25:00-04:00,1538159100000000000,224.9974070021881,914,224.98959530026082,3064
2018-09-28 14:26:00-04:00,1538159160000000000,225.00449418084153,1117,224.99283123028314,1268
2018-09-28 14:27:00-04:00,1538159220000000000,224.91953588143448,2564,224.88910386320512,3158
2018-09-28 14:28:00-04:00,1538159280000000000,224.69630383711865,1277,224.6795982468956,1369
2018-09-28 14:29:00-04:00,1538159340000000000,224.7366107165909,1549,224.72913811007285,1926
2018-09-28 14:30:00-04:00,1538159400000000000,224.8205344295992,973,224.80311580882372,1088
2018-09-28 14:31:00-04:00,1538159460000000000,224.76274220032704,1218,224.7480329218102,1215
2018-09-28 14:32:00-04:00,1538159520000000000,224.88114285714246,805,224.87497789566757,1131
2018-09-28 14:33:00-04:00,1538159580000000000,224.96920238095245,840,224.95233907524945,1103
2018-09-28 14:34:00-04:00,1538159640000000000,224.92612369338,1148,224.89995348837246,860
2018-09-28 14:35:00-04:00,1538159700000000000,224.97884362680665,761,224.9559659090908,704
2018-09-28 14:36:00-04:00,1538159760000000000,225.0187554269173,691,225.0001706484639,1172
2018-09-28 14:37:00-04:00,1538159820000000000,225.01006587615242,759,224.98870255957513,1133
2018-09-28 14:38:00-04:00,1538159880000000000,225.02570971184667,937,225.00113881019792,1765
2018-09-28 14:39:00-04:00,1538159940000000000,225.04035341830843,1726,225.0060347174948,2938
2018-09-28 14:40:00-04:00,1538160000000000000,225.02835714285655,3080,225.0045387652568,5572
2018-09-28 14:41:00-04:00,1538160060000000000,225.0362970447066,3959,225.0206128663873,2627
2018-09-28 14:42:00-04:00,1538160120000000000,225.07715269804692,1742,225.0563412759406,1301
2018-09-28 14:43:00-04:00,1538160180000000000,225.06186512758268,1646,225.04360887096885,992
2018-09-28 14:44:00-04:00,1538160240000000000,225.1359782104772,4314,225.1117630331743,1055
2018-09-28 14:45:00-04:00,1538160300000000000,225.0939183673461,1225,225.0790371493576,1319
2018-09-28 14:46:00-04:00,1538160360000000000,225.05802122015933,1885,225.0341383036201,1851
2018-09-28 14:47:00-04:00,1538160420000000000,225.04485335856256,1057,225.0288988361683,1117
2018-09-28 14:48:00-04:00,1538160480000000000,225.04045814978085,1135,225.00549259497828,3106
2018-09-28 14:49:00-04:00,1538160540000000000,225.02414838035546,957,225.01079861111086,1152
2018-09-28 14:50:00-04:00,1538160600000000000,225.01719253604676,1179,224.9937079646012,3390
2018-09-28 14:51:00-04:00,1538160660000000000,225.05101513802256,1123,225.0377804487182,1248
2018-09-28 14:52:00-04:00,1538160720000000000,225.1196191319741,2258,225.10767564711986,1893
2018-09-28 14:53:00-04:00,1538160780000000000,225.15682412060323,995,225.14103370786432,890
2018-09-28 14:54:00-04:00,1538160840000000000,225.18731326644362,1794,225.16992576095004,1347
2018-09-28 14:55:00-04:00,1538160900000000000,225.20107714701507,1374,225.18531197301792,1186
2018-09-28 14:56:00-04:00,1538160960000000000,225.29820409981988,2244,225.28810403317055,2653
2018-09-28 14:57:00-04:00,1538161020000000000,225.36721447028316,1935,225.34617615467226,1862
2018-09-28 14:58:00-04:00,1538161080000000000,225.31802976612317,1411,225.30630718954322,1530
2018-09-28 14:59:00-04:00,1538161140000000000,225.385262421274,1429,225.35915254237253,1593
2018-09-28 15:00:00-04:00,1538161200000000000,225.46660518053292,2548,225.44292919799508,3192
2018-09-28 15:01:00-04:00,1538161260000000000,225.46971801925721,1454,225.43972920696416,4136
2018-09-28 15:02:00-04:00,1538161320000000000,225.48989413680889,1228,225.47263724434882,929
2018-09-28 15:03:00-04:00,1538161380000000000,225.45107081174405,1158,225.43395238095258,1470
2018-09-28 15:04:00-04:00,1538161440000000000,225.36930513595004,2648,225.34771043771093,1782
2018-09-28 15:05:00-04:00,1538161500000000000,225.33014442518714,1731,225.3105601415106,1696
2018-09-28 15:06:00-04:00,1538161560000000000,225.316554054054,2368,225.30095238095242,1281
2018-09-28 15:07:00-04:00,1538161620000000000,225.2968212503673,3407,225.25590146750582,954
2018-09-28 15:08:00-04:00,1538161680000000000,225.2267709963484,1917,225.21745983935696,996
2018-09-28 15:09:00-04:00,1538161740000000000,225.23621167883164,1370,225.22295744680846,940
2018-09-28 15:10:00-04:00,1538161800000000000,225.1649360341144,1876,225.1458733880416,1706
2018-09-28 15:11:00-04:00,1538161860000000000,225.15339449541287,1199,225.13635838150256,692
2018-09-28 15:12:00-04:00,1538161920000000000,225.14111862323298,1627,225.12186792452889,1060
2018-09-28 15:13:00-04:00,1538161980000000000,225.1471731008706,803,225.12824503311268,906
2018-09-28 15:14:00-04:00,1538162040000000000,225.10627167630096,1038,225.09263549415564,941
2018-09-28 15:15:00-04:00,1538162100000000000,225.09401246105884,1605,225.07720917531412,1831
2018-09-28 15:16:00-04:00,1538162160000000000,225.0188423295453,2816,224.99827491138348,5078
2018-09-28 15:17:00-04:00,1538162220000000000,225.0242780107863,1669,224.99417938532264,4783
2018-09-28 15:18:00-04:00,1538162280000000000,225.06842037395202,1551,225.0522450592883,1265
2018-09-28 15:19:00-04:00,1538162340000000000,225.06666215301232,1477,225.0533711262284,1323
2018-09-28 15:20:00-04:00,1538162400000000000,225.06363008442014,1303,225.05087552742629,948
2018-09-28 15:21:00-04:00,1538162460000000000,225.1267333725715,1699,225.11455491329383,1730
2018-09-28 15:22:00-04:00,1538162520000000000,225.19809111617192,2195,225.1841458501189,2482
2018-09-28 15:23:00-04:00,1538162580000000000,225.27227956431602,3856,225.24180096546587,2693
2018-09-28 15:24:00-04:00,1538162640000000000,225.21377837116228,1498,225.19975653206734,1684
2018-09-28 15:25:00-04:00,1538162700000000000,225.15488436632762,1081,225.13665653495465,987
2018-09-28 15:26:00-04:00,1538162760000000000,225.12318983768557,1417,225.1074394463672,1156
2018-09-28 15:27:00-04:00,1538162820000000000,225.1280585683292,1844,225.11336898395638,1309
2018-09-28 15:28:00-04:00,1538162880000000000,225.13683395622016,1873,225.12254160363113,1322
2018-09-28 15:29:00-04:00,1538162940000000000,225.0859573091855,1546,225.07245247148202,1578
2018-09-28 15:30:00-04:00,1538163000000000000,225.04091185410343,5264,225.00238495176117,14407
2018-09-28 15:31:00-04:00,1538163060000000000,225.10625339015732,2581,225.09249406175695,2105
2018-09-28 15:32:00-04:00,1538163120000000000,225.00661053644532,4157,224.9803584827008,14394
2018-09-28 15:33:00-04:00,1538163180000000000,225.08130947989608,2711,225.06759245283038,2650
2018-09-28 15:34:00-04:00,1538163240000000000,225.1651915359363,2741,225.1501979813676,2576
2018-09-28 15:35:00-04:00,1538163300000000000,225.17116725978562,2810,225.16002649884027,3019
2018-09-28 15:36:00-04:00,1538163360000000000,225.1260413354524,3145,225.1123428571434,2275
2018-09-28 15:37:00-04:00,1538163420000000000,225.10409035409043,2457,225.08798840159176,2759
2018-09-28 15:38:00-04:00,1538163480000000000,225.10255993150682,2336,225.09126949973123,1859
2018-09-28 15:39:00-04:00,1538163540000000000,225.1505721482567,2779,225.1303936486938,3023
2018-09-28 15:40:00-04:00,1538163600000000000,225.221664126793,3281,225.20636592266706,3181
2018-09-28 15:41:00-04:00,1538163660000000000,225.2680964611863,3504,225.2546352583584,3290
2018-09-28 15:42:00-04:00,1538163720000000000,225.28161050545137,4036,225.26815240083656,2874
2018-09-28 15:43:00-04:00,1538163780000000000,225.23814623099196,3091,225.22281818181673,2310
2018-09-28 15:44:00-04:00,1538163840000000000,225.18203791469216,4009,225.16484338061375,3384
2018-09-28 15:45:00-04:00,1538163900000000000,225.26130617217268,7388,225.23879783610667,4991
2018-09-28 15:46:00-04:00,1538163960000000000,225.29818335752364,4134,225.28223474543336,2573
2018-09-28 15:47:00-04:00,1538164020000000000,225.33354696132295,6335,225.31000858737494,4658
2018-09-28 15:48:00-04:00,1538164080000000000,225.33239050347885,4886,225.31327342747147,4674
2018-09-28 15:49:00-04:00,1538164140000000000,225.24996356064813,3842,225.23187775187787,3861
2018-09-28 15:50:00-04:00,1538164200000000000,225.3601809107941,6412,225.3332061762018,5505
2018-09-28 15:51:00-04:00,1538164260000000000,225.30524314765748,4524,225.2886546314216,4653
2018-09-28 15:52:00-04:00,1538164320000000000,225.2671459319844,4646,225.25124604847207,3796
2018-09-28 15:53:00-04:00,1538164380000000000,225.22645007580655,4617,225.21475531914714,4700
2018-09-28 15:54:00-04:00,1538164440000000000,225.3354716568183,4569,225.30889853634426,4031
2018-09-28 15:55:00-04:00,1538164500000000000,225.50259114790748,12562,225.4700491849368,7116
2018-09-28 15:56:00-04:00,1538164560000000000,225.65296594193703,7957,225.65136965152368,9068
2018-09-28 15:57:00-04:00,1538164620000000000,225.54419368692263,4657,225.53603578154429,5310
2018-09-28 15:58:00-04:00,1538164680000000000,225.57325157472872,10478,225.54466749644416,5624
2018-09-28 15:59:00-04:00,1538164740000000000,225.69695181033146,42727,225.6894686464607,8149
